name,age,gender,section,subject_count,avg_study_hrs,avg_mark,distinction
Kennedy Mockingbird,16.0,1,8.0,2.0,3.0,90.0,1
Eliana Checkmate,23.0,1,3.0,5.0,6.0,80.0,0
Jack Drift,19.0,0,5.0,2.0,4.0,82.0,1
Josephine Crossfire,20.0,1,4.0,4.0,6.0,80.0,0
Anna Discord,21.0,1,6.0,2.0,5.0,97.0,1
Robert Le Strange,21.0,0,9.0,4.0,0.0,55.0,0
Allison Hex,21.0,1,6.0,3.0,6.0,89.0,1
Maverick Crimson,19.0,0,5.0,2.0,6.0,93.0,1
Ian Recluse,19.0,0,9.0,3.0,1.0,96.0,1
Angel Rewind,18.0,0,4.0,4.0,7.0,96.0,1
Ruby Blink,18.0,1,8.0,6.0,4.0,92.0,1
Adrian Miracle,24.0,0,6.0,4.0,6.0,87.0,1
Santiago Transonic,24.0,0,3.0,3.0,4.0,86.0,1
Emily Smoker,24.0,1,9.0,5.0,4.0,82.0,1
David ,17.0,0,3.0,3.0,5.0,86.0,1
Nolan Frenzy,22.0,0,6.0,5.0,0.0,37.0,0
Evelyn Hex,19.0,1,4.0,4.0,2.0,72.0,0
Eleanor Serpentine,21.0,1,1.0,5.0,7.0,48.0,0
Jonathan Venom,23.0,0,7.0,6.0,6.0,100.0,1
Henry Parallax,18.0,0,7.0,5.0,5.0,100.0,1
Camila Malice,18.0,1,8.0,3.0,6.0,82.0,1
Brayden Upagarde,17.0,0,8.0,2.0,2.0,93.0,1
Emma Wendigo,22.0,1,4.0,3.0,5.0,85.0,1
Elena Blight,21.0,1,2.0,3.0,6.0,98.0,1
Jaxon Trace,18.0,0,4.0,4.0,5.0,99.0,1
Nevaeh Static,19.0,1,5.0,6.0,1.0,48.0,0
Alexander Pitfall,20.0,0,9.0,6.0,1.0,69.0,0
Kinsley Malice,24.0,1,6.0,3.0,0.0,55.0,0
Adam Rewind,21.0,0,9.0,3.0,2.0,91.0,1
Eva Omega,19.0,1,3.0,5.0,4.0,72.0,0
Luke Vex,22.0,0,3.0,4.0,5.0,99.0,1
Adrian Diaspora,23.0,0,1.0,5.0,5.0,44.0,0
Connor Avalanche,18.0,0,4.0,3.0,1.0,66.0,0
Ezekiel Venom,19.0,0,2.0,5.0,5.0,77.0,0
Austin Frost,16.0,0,8.0,6.0,8.0,99.0,1
Kinsley Cerberus,23.0,1,6.0,3.0,6.0,83.0,1
Benjamin Malice,19.0,0,9.0,3.0,2.0,100.0,1
Jayden Buttons,16.0,0,5.0,5.0,6.0,94.0,1
Evan Pitfall,19.0,0,4.0,2.0,4.0,85.0,1
Mason Safari,20.0,0,1.0,4.0,1.0,29.0,0
Isaac Hex,24.0,0,6.0,5.0,7.0,93.0,1
Eva Mimic,22.0,1,8.0,2.0,0.0,89.0,1
Skylar Umbridge,16.0,1,8.0,6.0,1.0,62.0,0
Anna Limerick,18.0,1,9.0,4.0,0.0,52.0,0
Everly Blink,19.0,1,4.0,6.0,3.0,69.0,0
Jonathan Cascade,19.0,0,6.0,4.0,3.0,89.0,1
Oliver Hex,22.0,0,5.0,2.0,5.0,85.0,1
Austin Venom,22.0,0,5.0,5.0,0.0,33.0,0
Brielle Shivers,20.0,1,7.0,4.0,2.0,91.0,1
Chloe Limerick,21.0,1,7.0,6.0,6.0,88.0,1
Willow Hex,21.0,1,6.0,6.0,6.0,82.0,1
Jack Nemesis,19.0,0,4.0,6.0,7.0,97.0,1
Mort,20.0,0,3.0,3.0,3.0,96.0,1
Jonathan Whitewash,17.0,0,6.0,3.0,1.0,86.0,1
Cooper Whip,23.0,0,9.0,3.0,1.0,84.0,1
Hazel Flatline,16.0,1,3.0,2.0,6.0,96.0,1
Ella Misfit,18.0,1,8.0,5.0,3.0,95.0,1
Julia ,22.0,1,9.0,2.0,2.0,85.0,1
Theodore Mudlark,23.0,0,2.0,6.0,4.0,51.0,0
Aaron Blight,19.0,0,9.0,5.0,5.0,93.0,1
Elijah Frenzy,24.0,0,6.0,5.0,0.0,42.0,0
Mateo Voodoo,16.0,0,5.0,6.0,1.0,44.0,0
Rewind,21.0,1,9.0,2.0,2.0,97.0,1
Maverick Blackout,17.0,0,9.0,2.0,3.0,97.0,1
Ellie Whip,18.0,1,3.0,2.0,6.0,97.0,1
Isaac Diaspora,16.0,0,5.0,2.0,5.0,96.0,1
Cooper Mort,21.0,0,8.0,3.0,5.0,92.0,1
Jose Standoff,20.0,0,6.0,6.0,2.0,74.0,0
Axel Ramsay,17.0,0,1.0,4.0,1.0,27.0,0
Emily Atomic,16.0,1,3.0,3.0,1.0,49.0,0
Kennedy Shivers,17.0,1,2.0,2.0,7.0,95.0,1
Carter Le Strange,18.0,0,6.0,3.0,7.0,85.0,1
Olivia Doom,16.0,1,4.0,6.0,6.0,96.0,1
Ian Dust,22.0,0,3.0,6.0,6.0,84.0,1
Parker Moreau,22.0,0,5.0,5.0,1.0,58.0,0
Luke Surge,19.0,0,6.0,4.0,2.0,99.0,1
Jace Pitfall,19.0,0,7.0,6.0,6.0,83.0,1
Thomas Ditch,22.0,0,7.0,6.0,5.0,97.0,1
Eliana Schism,20.0,1,3.0,6.0,4.0,67.0,0
Hunter Blackout,18.0,0,8.0,3.0,3.0,100.0,1
Olivia Trace,17.0,1,3.0,2.0,2.0,96.0,1
Joshua Buttons,21.0,0,8.0,3.0,6.0,85.0,1
Jameson Medusa,17.0,0,6.0,6.0,1.0,52.0,0
Sarah Schism,16.0,1,3.0,5.0,6.0,99.0,1
Skylar Felon,18.0,1,2.0,4.0,1.0,37.0,0
Hailey Tuco,22.0,1,7.0,4.0,6.0,97.0,1
Dominic Malice,18.0,0,7.0,3.0,6.0,100.0,1
Emilia Flux,24.0,1,3.0,5.0,8.0,90.0,1
Jason Flux,23.0,0,9.0,5.0,6.0,99.0,1
Violet Whitewash,16.0,1,1.0,6.0,7.0,45.0,0
Kaylee Malice,17.0,1,2.0,5.0,2.0,39.0,0
Layla Vex,24.0,1,4.0,5.0,7.0,81.0,1
Dreadfort,21.0,1,1.0,6.0,5.0,35.0,0
Savannah Overkill,17.0,1,5.0,5.0,1.0,50.0,0
James Sweeney,17.0,0,3.0,3.0,6.0,98.0,1
Ezra Cyclone,19.0,0,1.0,6.0,7.0,43.0,0
Landon Shivers,24.0,0,2.0,6.0,7.0,69.0,0
Caleb Trace,23.0,0,1.0,5.0,7.0,49.0,0
Naomi Menace,22.0,1,7.0,6.0,8.0,82.0,1
Nova Overkill,18.0,1,5.0,3.0,5.0,83.0,1
Gianna Ditch,16.0,1,5.0,3.0,3.0,97.0,1
Everly Trace,23.0,1,4.0,3.0,1.0,69.0,0
Aaron Grifter,17.0,0,5.0,5.0,6.0,95.0,1
John Tempus,23.0,0,9.0,4.0,4.0,77.0,0
Jose Mort,23.0,0,4.0,6.0,7.0,97.0,1
Allison Blink,23.0,1,3.0,3.0,5.0,100.0,1
Mason Malice,18.0,0,1.0,4.0,4.0,41.0,0
Connor Blight,20.0,0,4.0,5.0,2.0,64.0,0
Addison Inferno,17.0,1,7.0,4.0,4.0,80.0,0
Kayden Miracle,19.0,0,8.0,5.0,4.0,84.0,1
Jace Avalanche,23.0,0,4.0,6.0,6.0,84.0,1
Nathan Static,20.0,0,1.0,5.0,5.0,39.0,0
Olivia Recluse,20.0,1,7.0,3.0,1.0,91.0,1
Camila Dust,19.0,1,8.0,6.0,5.0,80.0,0
Sofia Hex,21.0,1,9.0,4.0,6.0,87.0,1
David Cerberus,18.0,0,8.0,6.0,1.0,64.0,0
Landon Blitz,18.0,0,9.0,3.0,6.0,81.0,1
Jayden Whistler,18.0,0,2.0,3.0,4.0,80.0,0
Eli Engineer,16.0,0,7.0,2.0,6.0,86.0,1
Christopher Genesis,21.0,0,9.0,5.0,6.0,100.0,1
David Crypto,22.0,0,1.0,4.0,6.0,51.0,0
Aubrey Mutilator,17.0,1,6.0,3.0,8.0,95.0,1
Ezra Mimic,23.0,0,6.0,2.0,1.0,84.0,1
Aria Aberration,22.0,1,5.0,4.0,1.0,67.0,0
Caroline Spite,19.0,1,5.0,4.0,3.0,84.0,1
Eleanor Flatline,18.0,1,7.0,4.0,5.0,99.0,1
Maya Dust,18.0,1,2.0,3.0,1.0,40.0,0
Kennedy Whitewash,19.0,1,4.0,5.0,2.0,59.0,0
Lucas Rewind,21.0,0,1.0,2.0,5.0,78.0,0
Axel Hades,21.0,0,3.0,6.0,4.0,68.0,0
Wyatt Nocturne,21.0,0,5.0,3.0,2.0,98.0,1
Henry Static,22.0,0,1.0,5.0,4.0,38.0,0
David Miracle,16.0,0,5.0,6.0,4.0,93.0,1
Amelia Cascade,16.0,1,5.0,4.0,1.0,57.0,0
Aria Glitch,19.0,1,5.0,2.0,8.0,98.0,1
Robert Shivers,19.0,0,2.0,4.0,7.0,94.0,1
Cameron Shivers,23.0,0,6.0,3.0,0.0,52.0,0
Cooper Flood,21.0,0,2.0,2.0,7.0,96.0,1
Luke Doom,24.0,0,2.0,6.0,5.0,57.0,0
Isabella Recluse,21.0,1,8.0,2.0,8.0,86.0,1
Ella Drift,23.0,1,2.0,2.0,5.0,82.0,1
Adrian Avalanche,17.0,0,5.0,4.0,4.0,91.0,1
Elijah Diaspora,18.0,0,4.0,2.0,0.0,46.0,0
Brayden Flood,18.0,0,9.0,2.0,0.0,82.0,1
Aiden Ditch,17.0,0,8.0,3.0,2.0,94.0,1
David Medusa,24.0,0,7.0,4.0,6.0,84.0,1
Autumn Oblique,24.0,1,2.0,4.0,7.0,97.0,1
Sofia Omega,19.0,1,9.0,3.0,0.0,63.0,0
Luna Buttons,23.0,1,2.0,2.0,6.0,100.0,1
Harper Smoker,19.0,1,7.0,5.0,4.0,92.0,1
Quinn Limerick,19.0,1,7.0,2.0,3.0,98.0,1
Zoe Imprint,18.0,1,6.0,3.0,5.0,83.0,1
Penelope Hex,24.0,1,4.0,6.0,4.0,86.0,1
Abigail Pyro,17.0,1,9.0,4.0,3.0,98.0,1
Layla Blink,19.0,1,8.0,2.0,5.0,90.0,1
Jace Moreau,17.0,0,8.0,4.0,5.0,99.0,1
Ian ,19.0,0,7.0,3.0,5.0,95.0,1
Madison Frenzy,18.0,1,6.0,2.0,0.0,61.0,0
Grayson Grifter,17.0,0,3.0,6.0,3.0,54.0,0
Chloe Buttons,17.0,1,1.0,3.0,4.0,46.0,0
Ruby Ramsay,23.0,1,1.0,4.0,6.0,51.0,0
Quinn Blackout,21.0,1,1.0,3.0,6.0,65.0,0
Jonathan Hex,17.0,0,8.0,5.0,8.0,88.0,1
John Flood,16.0,0,7.0,3.0,5.0,100.0,1
Jonathan Spasm,23.0,0,4.0,3.0,7.0,93.0,1
Kennedy Medusa,19.0,1,2.0,3.0,1.0,41.0,0
Scarlett Vader,24.0,1,9.0,6.0,2.0,100.0,1
Easton Inferno,17.0,0,2.0,5.0,7.0,77.0,0
Roman Vader,23.0,0,3.0,2.0,3.0,88.0,1
Aiden Omega,23.0,0,4.0,4.0,5.0,88.0,1
Colton Rewind,23.0,0,5.0,3.0,6.0,96.0,1
Cora Blackout,17.0,1,4.0,3.0,5.0,89.0,1
Addison Cerberus,24.0,1,1.0,3.0,6.0,62.0,0
Nora Glitch,16.0,1,1.0,6.0,1.0,23.0,0
Mia Snake,23.0,1,5.0,6.0,1.0,48.0,0
Serenity Burnout,17.0,1,6.0,2.0,1.0,89.0,1
Jack Nemesis,19.0,0,6.0,4.0,5.0,80.0,0
Evelyn Crimson,21.0,1,9.0,3.0,1.0,96.0,1
Caroline Inferno,16.0,1,1.0,6.0,4.0,31.0,0
Cameron Vex,16.0,0,8.0,5.0,3.0,85.0,1
Mateo Upagarde,19.0,0,9.0,5.0,5.0,84.0,1
Anna Diamondback,24.0,1,8.0,2.0,7.0,92.0,1
William Craster,21.0,0,8.0,2.0,1.0,84.0,1
Madeline Glitch,17.0,1,7.0,4.0,1.0,74.0,0
Aiden Overkill,18.0,0,3.0,5.0,6.0,98.0,1
Jaxon Menace,20.0,0,5.0,6.0,3.0,80.0,0
Leo Misfit,21.0,0,1.0,3.0,3.0,42.0,0
Logan Buttons,16.0,0,1.0,3.0,4.0,47.0,0
Sophia Burnout,21.0,1,6.0,5.0,2.0,88.0,1
Adrian Vex,17.0,0,2.0,5.0,4.0,54.0,0
Nora Cyclone,18.0,1,5.0,6.0,7.0,84.0,1
Christian Whistler,24.0,0,3.0,6.0,4.0,65.0,0
Addison Blackout,18.0,1,5.0,3.0,6.0,87.0,1
Emilia Inferno,20.0,1,9.0,4.0,1.0,87.0,1
Amelia Tortuga,16.0,1,3.0,4.0,0.0,25.0,0
Adrian Flood,23.0,0,3.0,2.0,1.0,78.0,0
Hunter Avalanche,20.0,0,4.0,3.0,5.0,89.0,1
Ellie Whitewash,18.0,1,8.0,5.0,2.0,82.0,1
Leah Tempus,17.0,1,2.0,6.0,1.0,30.0,0
Anna Dust,18.0,1,2.0,2.0,7.0,87.0,1
Miles Frenzy,19.0,0,6.0,6.0,4.0,99.0,1
Ella Crassus,24.0,1,4.0,4.0,5.0,92.0,1
Hudson Rewind,23.0,0,3.0,3.0,5.0,88.0,1
Robert Spasm,22.0,0,2.0,5.0,6.0,73.0,0
Violet Flux,16.0,1,7.0,3.0,0.0,46.0,0
Skylar Recluse,19.0,1,2.0,4.0,2.0,46.0,0
Sophie Transonic,20.0,1,1.0,6.0,8.0,44.0,0
Static,21.0,0,1.0,6.0,6.0,41.0,0
Stella Mutilator,24.0,1,4.0,4.0,2.0,79.0,0
Audrey Diamondback,23.0,1,7.0,6.0,0.0,36.0,0
Jeremiah Blink,19.0,0,6.0,3.0,4.0,94.0,1
Julia Sweeney,23.0,1,8.0,5.0,6.0,90.0,1
William Aberration,17.0,0,7.0,5.0,2.0,94.0,1
Kinsley Voodoo,16.0,1,1.0,2.0,5.0,71.0,0
Mia Hades,20.0,1,4.0,4.0,1.0,52.0,0
Luna Cerberus,16.0,1,5.0,4.0,6.0,96.0,1
Willow Whistler,22.0,1,5.0,2.0,4.0,92.0,1
Kayden Vex,19.0,0,4.0,5.0,1.0,44.0,0
Aiden Frenzy,19.0,0,1.0,2.0,2.0,47.0,0
William Crypto,20.0,0,3.0,5.0,7.0,93.0,1
Isaac Hex,23.0,0,8.0,4.0,6.0,82.0,1
Gianna Felon,20.0,1,9.0,3.0,7.0,82.0,1
Axel Frenzy,17.0,0,5.0,6.0,6.0,86.0,1
Delilah Ramsay,23.0,1,7.0,4.0,4.0,100.0,1
Jeremiah Whitewash,18.0,0,8.0,4.0,3.0,86.0,1
Isaac Whitewash,19.0,0,9.0,4.0,8.0,100.0,1
Anthony De Ville,16.0,0,8.0,6.0,3.0,92.0,1
Thomas Rundown,18.0,0,3.0,6.0,5.0,77.0,0
Bryson Spite,24.0,0,5.0,6.0,0.0,32.0,0
Liam Serpentine,17.0,0,8.0,6.0,7.0,90.0,1
Emery Cascade,24.0,1,4.0,6.0,2.0,58.0,0
Ella Flood,16.0,1,3.0,6.0,7.0,95.0,1
Kaylee Frost,17.0,1,5.0,2.0,2.0,100.0,1
Aiden Transonic,16.0,0,7.0,5.0,7.0,89.0,1
Michael Bedlam,19.0,0,7.0,3.0,2.0,83.0,1
Caroline Cyclone,24.0,1,8.0,6.0,2.0,97.0,1
Chloe Aberration,17.0,1,8.0,5.0,2.0,99.0,1
Isla Rundown,21.0,1,9.0,3.0,2.0,89.0,1
Lily Parallax,21.0,1,2.0,3.0,5.0,97.0,1
Nolan Recluse,16.0,0,7.0,2.0,0.0,63.0,0
Genesis Grifter,16.0,1,8.0,3.0,8.0,88.0,1
Isaac Misfit,20.0,0,1.0,5.0,3.0,33.0,0
Leah Vader,17.0,1,9.0,5.0,7.0,85.0,1
Leonardo Le Strange,19.0,0,1.0,6.0,2.0,29.0,0
Isabella Surge,16.0,1,3.0,6.0,4.0,66.0,0
Dominic Vader,18.0,0,8.0,3.0,4.0,97.0,1
Eliana Craster,19.0,1,7.0,2.0,2.0,99.0,1
Madison Diaspora,17.0,1,4.0,3.0,0.0,33.0,0
Leo Crypto,22.0,0,8.0,5.0,4.0,92.0,1
Sawyer Diaspora,22.0,0,7.0,3.0,8.0,80.0,0
Gabriel ,22.0,0,7.0,4.0,7.0,96.0,1
Connor De Ville,21.0,0,4.0,2.0,1.0,94.0,1
Ella Flatline,18.0,1,4.0,2.0,3.0,85.0,1
Jayden Whitewash,20.0,0,8.0,3.0,4.0,85.0,1
Bella Crossfire,21.0,1,6.0,4.0,3.0,98.0,1
Arianna Inferno,17.0,1,4.0,4.0,7.0,83.0,1
Aria Craster,18.0,1,8.0,5.0,7.0,87.0,1
John Blight,19.0,0,8.0,3.0,4.0,98.0,1
Allison Felon,22.0,1,7.0,3.0,7.0,89.0,1
Lily Hex,17.0,1,2.0,3.0,6.0,88.0,1
Skylar Hades,23.0,1,2.0,2.0,3.0,98.0,1
Hudson Miracle,22.0,0,1.0,3.0,5.0,55.0,0
Ryan Misfit,20.0,0,4.0,6.0,5.0,97.0,1
Parker Upagarde,22.0,0,8.0,3.0,1.0,100.0,1
Easton Snake,21.0,0,6.0,4.0,4.0,99.0,1
Addison Limerick,22.0,1,5.0,3.0,4.0,93.0,1
Dylan Misfit,18.0,0,7.0,4.0,6.0,99.0,1
Delilah Zorg,16.0,1,5.0,6.0,6.0,99.0,1
Ruby Vader,22.0,1,9.0,5.0,2.0,85.0,1
Sarah Apex,17.0,1,6.0,5.0,3.0,90.0,1
Mateo Crypto,22.0,0,4.0,3.0,5.0,88.0,1
Easton Overkill,19.0,0,5.0,3.0,4.0,77.0,1
Daniel Static,18.0,0,2.0,5.0,5.0,62.0,0
Mia Doom,20.0,1,2.0,5.0,6.0,73.0,0
Bryson Dreadfort,16.0,0,2.0,6.0,8.0,77.0,0
Aria Miracle,23.0,1,2.0,2.0,0.0,37.0,0
Isaiah Cyclone,23.0,0,2.0,4.0,8.0,89.0,1
Addison Sweeney,16.0,1,2.0,6.0,1.0,26.0,0
Vivian Miracle,20.0,1,2.0,2.0,4.0,81.0,1
Josephine ,17.0,1,7.0,6.0,4.0,95.0,1
James Dust,18.0,0,8.0,2.0,2.0,80.0,0
Greyson Blitz,24.0,0,8.0,6.0,2.0,94.0,1
Bryson Cascade,24.0,0,1.0,4.0,4.0,42.0,0
Samuel Le Strange,24.0,0,5.0,3.0,4.0,89.0,1
Delilah Burnout,19.0,1,2.0,2.0,5.0,91.0,1
Aaliyah Genesis,17.0,1,4.0,3.0,7.0,77.0,1
Cora Serpentine,22.0,1,2.0,5.0,5.0,63.0,0
Camila Schism,20.0,1,5.0,6.0,1.0,48.0,0
Matthew Menace,24.0,0,6.0,6.0,5.0,99.0,1
Adeline Whistler,17.0,1,1.0,6.0,4.0,34.0,0
Adrian Hex,16.0,0,6.0,6.0,7.0,97.0,1
Logan Hex,22.0,0,2.0,2.0,7.0,91.0,1
Jackson Mort,16.0,0,2.0,5.0,4.0,54.0,0
Luna Nemesis,24.0,1,7.0,5.0,7.0,89.0,1
Abigail Dust,17.0,1,6.0,5.0,5.0,93.0,1
Hunter Schism,20.0,0,7.0,6.0,6.0,94.0,1
Kaylee Whitewash,22.0,1,8.0,3.0,6.0,89.0,1
Autumn Felon,19.0,1,6.0,2.0,7.0,98.0,1
Sarah ,17.0,1,5.0,2.0,2.0,88.0,1
Jordan Hades,24.0,0,3.0,6.0,4.0,70.0,0
Sophia Standoff,16.0,1,7.0,4.0,6.0,88.0,1
William Pyro,17.0,0,5.0,4.0,7.0,88.0,1
James Oblique,19.0,0,4.0,3.0,6.0,100.0,1
Mason Rundown,17.0,0,8.0,6.0,4.0,82.0,1
Ariana Crimson,19.0,1,2.0,2.0,1.0,51.0,0
Jack Felon,20.0,0,9.0,2.0,6.0,77.0,1
Benjamin Diaspora,16.0,0,7.0,6.0,5.0,80.0,0
Alexander Hex,18.0,0,8.0,6.0,8.0,83.0,1
Bryson Tuco,23.0,0,8.0,3.0,8.0,85.0,1
Ian Wendigo,17.0,0,3.0,5.0,7.0,94.0,1
Bella Glitch,17.0,1,8.0,6.0,2.0,87.0,1
Aria Tuco,21.0,1,4.0,5.0,1.0,47.0,0
Carson Drift,18.0,0,2.0,4.0,7.0,95.0,1
Jeremiah Omega,21.0,0,3.0,4.0,0.0,31.0,0
Benjamin Omega,20.0,0,8.0,2.0,3.0,87.0,1
Lucas Spite,20.0,0,8.0,3.0,3.0,81.0,1
Anthony Diamondback,24.0,0,9.0,3.0,4.0,90.0,1
Daniel Standoff,24.0,0,1.0,2.0,3.0,56.0,0
Christopher Mudlark,20.0,0,7.0,5.0,0.0,41.0,0
Julian Blink,17.0,0,5.0,6.0,4.0,93.0,1
Carson Atomic,20.0,0,5.0,2.0,2.0,93.0,1
Adam Crossfire,20.0,0,4.0,4.0,2.0,76.0,0
Isabella Dust,22.0,1,5.0,6.0,2.0,63.0,0
Lincoln Trace,19.0,0,9.0,3.0,2.0,98.0,1
Roman Cerberus,20.0,0,7.0,4.0,5.0,89.0,1
Aaron Whip,24.0,0,5.0,2.0,3.0,90.0,1
Michael Craster,19.0,0,5.0,5.0,2.0,72.0,0
Riley Flux,16.0,1,1.0,2.0,6.0,82.0,1
Emma Cyclone,24.0,1,1.0,2.0,0.0,26.0,0
Joseph Wendigo,22.0,0,8.0,6.0,2.0,94.0,1
Skylar Apex,18.0,1,2.0,6.0,5.0,77.0,0
Anna Spasm,19.0,1,2.0,3.0,3.0,70.0,0
Ariana Zorg,24.0,1,7.0,2.0,4.0,94.0,1
Jameson Safari,18.0,0,3.0,6.0,6.0,87.0,1
Dominic Recluse,16.0,0,8.0,4.0,1.0,85.0,1
Aubrey Crassus,24.0,1,6.0,6.0,7.0,89.0,1
Hazel Miracle,21.0,1,7.0,4.0,5.0,81.0,1
Lucas Glitch,17.0,0,8.0,3.0,1.0,86.0,1
Frenzy,19.0,1,9.0,4.0,8.0,94.0,1
Jameson Blur,20.0,0,4.0,6.0,5.0,93.0,1
Brayden Nemesis,16.0,0,5.0,6.0,5.0,94.0,1
Naomi Tuco,20.0,1,9.0,3.0,2.0,91.0,1
Jaxon Umbridge,24.0,0,5.0,3.0,5.0,97.0,1
Zoey Voodoo,18.0,1,2.0,5.0,6.0,74.0,0
Addison ,21.0,1,1.0,4.0,5.0,48.0,0
Charlotte Persephonia,23.0,1,8.0,5.0,1.0,80.0,0
Luna Nocturne,22.0,1,6.0,4.0,3.0,81.0,1
Lydia Snake,23.0,1,6.0,6.0,4.0,85.0,1
Elijah Rewind,22.0,0,9.0,6.0,7.0,96.0,1
Ezra De Ville,20.0,0,4.0,3.0,7.0,93.0,1
Nolan Mutilator,22.0,0,3.0,3.0,4.0,84.0,1
Sawyer Menace,22.0,0,8.0,3.0,4.0,90.0,1
Theodore Blackout,20.0,0,2.0,2.0,4.0,100.0,1
Jace Moreau,16.0,0,2.0,4.0,6.0,83.0,1
Scarlett Inferno,23.0,1,6.0,4.0,5.0,98.0,1
Greyson ,20.0,0,6.0,3.0,3.0,100.0,1
Mateo Checkmate,21.0,0,4.0,6.0,8.0,82.0,1
Hudson Crimson,16.0,0,1.0,6.0,6.0,42.0,0
Lincoln Static,16.0,0,6.0,2.0,0.0,56.0,0
Nolan Le Strange,22.0,0,3.0,6.0,8.0,98.0,1
Henry Miracle,23.0,0,2.0,5.0,1.0,34.0,0
Lillian Diaspora,23.0,1,8.0,6.0,3.0,81.0,1
Genesis Inferno,17.0,1,4.0,4.0,0.0,30.0,0
Audrey Engineer,18.0,1,5.0,6.0,3.0,82.0,1
Natalie Discord,17.0,1,7.0,2.0,4.0,98.0,1
Eli Diamondback,16.0,0,1.0,5.0,4.0,37.0,0
Valentina Genesis,20.0,1,4.0,5.0,5.0,89.0,1
Abigail Rewind,19.0,1,2.0,3.0,8.0,94.0,1
Delilah Moreau,19.0,1,7.0,4.0,2.0,93.0,1
Piper Dust,17.0,1,2.0,4.0,2.0,45.0,0
Maya Miracle,19.0,1,4.0,4.0,4.0,100.0,1
Emma Spasm,17.0,1,1.0,6.0,4.0,32.0,0
Vivian Checkmate,19.0,1,6.0,3.0,2.0,92.0,1
Ellie Felon,17.0,1,1.0,3.0,5.0,53.0,0
Ethan Mort,18.0,0,2.0,5.0,4.0,54.0,0
Parker Rampage,23.0,0,4.0,2.0,0.0,55.0,0
Angel Safari,16.0,0,6.0,2.0,1.0,89.0,1
Jackson Safari,20.0,0,9.0,6.0,1.0,71.0,0
Aaron Blur,17.0,0,8.0,6.0,5.0,90.0,1
Jacob Trace,21.0,0,8.0,6.0,5.0,81.0,1
Joshua Cyclone,19.0,0,9.0,2.0,5.0,88.0,1
Axel Medusa,17.0,0,2.0,5.0,4.0,54.0,0
Jason Glitch,21.0,0,6.0,3.0,4.0,85.0,1
Jayden Surge,19.0,0,4.0,4.0,1.0,54.0,0
Everett Pitfall,17.0,0,6.0,5.0,7.0,83.0,1
Audrey Shivers,22.0,1,9.0,6.0,1.0,75.0,0
Michael Buttons,19.0,0,4.0,4.0,2.0,72.0,0
Leah Rampage,22.0,1,6.0,3.0,2.0,86.0,1
Madison Malice,22.0,1,7.0,2.0,2.0,90.0,1
Sophie Trace,18.0,1,3.0,2.0,4.0,80.0,0
Connor Flood,18.0,0,7.0,3.0,4.0,94.0,1
Alexander Limerick,16.0,0,2.0,3.0,3.0,64.0,0
Hudson Diamondback,17.0,0,7.0,5.0,7.0,87.0,1
Alexa Tortuga,21.0,1,3.0,3.0,2.0,74.0,0
Hailey Grifter,16.0,1,4.0,6.0,4.0,78.0,0
Asher Blink,23.0,0,2.0,4.0,1.0,34.0,0
Everett Diaspora,16.0,0,8.0,3.0,0.0,52.0,0
Zoey Medusa,16.0,1,2.0,6.0,7.0,70.0,0
Theodore Mudlark,23.0,0,2.0,4.0,2.0,48.0,0
Cameron Cyclone,16.0,0,7.0,2.0,3.0,98.0,1
Adeline Medusa,20.0,1,7.0,3.0,7.0,81.0,1
Jaxson Mort,21.0,0,5.0,5.0,6.0,100.0,1
Lucy Pitfall,17.0,1,8.0,5.0,3.0,84.0,1
Emma Recluse,17.0,1,9.0,2.0,5.0,85.0,1
Grayson Dust,24.0,0,5.0,5.0,8.0,100.0,1
Ezekiel Ramsay,18.0,0,4.0,3.0,0.0,34.0,0
Eliana De Ville,24.0,1,5.0,2.0,7.0,98.0,1
Audrey Recluse,18.0,1,9.0,5.0,7.0,95.0,1
Ariana Spasm,24.0,1,1.0,6.0,5.0,35.0,0
Leonardo Drift,18.0,0,9.0,2.0,3.0,85.0,1
Carson Frost,23.0,0,1.0,2.0,1.0,38.0,0
Lincoln Pyro,24.0,0,4.0,3.0,4.0,95.0,1
Jaxon Diamondback,19.0,0,7.0,5.0,2.0,96.0,1
Allison Static,23.0,1,7.0,4.0,0.0,48.0,0
Ezekiel Medusa,17.0,0,6.0,2.0,7.0,100.0,1
Isaiah Vex,18.0,0,4.0,6.0,4.0,83.0,1
Ella Blitz,24.0,1,7.0,4.0,1.0,86.0,1
Leah Parallax,20.0,1,4.0,4.0,7.0,93.0,1
Jacob Pitfall,19.0,0,5.0,4.0,7.0,95.0,1
Colton Grifter,24.0,0,4.0,6.0,7.0,99.0,1
Matthew Recluse,21.0,0,3.0,4.0,8.0,87.0,1
Christian Sweeney,16.0,0,8.0,3.0,6.0,100.0,1
Kennedy Whitewash,23.0,1,4.0,3.0,4.0,97.0,1
Skylar Schism,16.0,1,9.0,4.0,3.0,82.0,1
Everly Cascade,16.0,1,2.0,2.0,3.0,93.0,1
Brooklyn Felon,19.0,1,5.0,6.0,2.0,61.0,0
Nova Parallax,17.0,1,1.0,2.0,6.0,84.0,1
Michael Omega,16.0,0,4.0,5.0,5.0,80.0,0
Everett ,24.0,0,7.0,4.0,1.0,89.0,1
Alice Rampage,20.0,1,2.0,6.0,6.0,64.0,0
Lydia Craster,21.0,1,9.0,4.0,1.0,93.0,1
Nevaeh ,23.0,1,5.0,6.0,3.0,85.0,1
Adeline Sweeney,22.0,1,5.0,5.0,4.0,94.0,1
Isaiah Limerick,20.0,0,2.0,3.0,8.0,98.0,1
Charlotte Smoker,23.0,1,6.0,5.0,6.0,92.0,1
Penelope Limerick,16.0,1,5.0,2.0,6.0,96.0,1
Madison Trace,22.0,1,2.0,6.0,2.0,39.0,0
Axel Inferno,18.0,0,3.0,5.0,3.0,61.0,0
Penelope Flatline,24.0,1,6.0,5.0,3.0,98.0,1
Nora Safari,17.0,1,9.0,5.0,5.0,92.0,1
Ethan Blink,19.0,0,1.0,2.0,3.0,57.0,0
Hudson Flatline,18.0,0,6.0,6.0,6.0,84.0,1
Zoey Sweeney,16.0,1,4.0,3.0,6.0,92.0,1
Kaylee Moreau,21.0,1,1.0,2.0,4.0,67.0,0
Stella Atomic,16.0,1,4.0,4.0,1.0,51.0,0
Elias Smoker,17.0,0,7.0,3.0,0.0,48.0,0
Aaliyah Mudlark,23.0,1,4.0,2.0,7.0,94.0,1
Emilia Zorg,21.0,1,8.0,4.0,2.0,81.0,1
Hailey Whitewash,19.0,1,6.0,4.0,5.0,99.0,1
Jack Malice,17.0,0,9.0,3.0,5.0,95.0,1
Carson Dreadfort,24.0,0,9.0,5.0,0.0,55.0,0
Gianna Oblique,16.0,1,4.0,5.0,2.0,58.0,0
Hazel Oblique,18.0,1,4.0,5.0,3.0,80.0,0
Autumn Blink,18.0,1,8.0,4.0,6.0,95.0,1
Autumn Miracle,24.0,1,3.0,5.0,8.0,88.0,1
Henry Engineer,20.0,0,7.0,2.0,4.0,92.0,1
Sophie Static,20.0,1,3.0,2.0,2.0,99.0,1
Gabriella Blight,18.0,1,1.0,2.0,4.0,63.0,0
Joshua Diamondback,23.0,0,1.0,2.0,4.0,68.0,0
Elijah Tempus,17.0,0,7.0,3.0,5.0,88.0,1
Nicholas Genesis,23.0,0,5.0,3.0,7.0,97.0,1
Michael Ramsay,24.0,0,5.0,5.0,3.0,98.0,1
Luke Nemesis,20.0,0,6.0,4.0,2.0,99.0,1
Abigail Dreadfort,23.0,1,8.0,5.0,8.0,85.0,1
Eleanor Upagarde,23.0,1,8.0,3.0,6.0,92.0,1
Sarah Flatline,18.0,1,2.0,6.0,4.0,50.0,0
Parker Ramsay,16.0,0,4.0,5.0,4.0,92.0,1
Theodore De Ville,19.0,0,1.0,5.0,4.0,34.0,0
Eli Frenzy,22.0,0,5.0,4.0,5.0,86.0,1
Jackson Sweeney,22.0,0,3.0,6.0,8.0,96.0,1
Christian Buttons,23.0,0,4.0,3.0,4.0,90.0,1
Robert Doom,19.0,0,3.0,5.0,1.0,37.0,0
Jaxson Umbridge,18.0,0,5.0,6.0,5.0,97.0,1
Jaxon Discord,16.0,0,1.0,6.0,4.0,33.0,0
Sofia Mutilator,20.0,1,3.0,3.0,0.0,36.0,0
Ella Checkmate,16.0,1,6.0,6.0,1.0,50.0,0
Maya Trace,22.0,1,6.0,6.0,7.0,99.0,1
Ruby Shivers,22.0,1,2.0,4.0,0.0,25.0,0
Josiah Transonic,23.0,0,3.0,6.0,1.0,34.0,0
Leo Surge,16.0,0,4.0,2.0,6.0,97.0,1
Theodore Hex,17.0,0,6.0,2.0,5.0,80.0,0
Jace Cyclone,21.0,0,7.0,6.0,2.0,86.0,1
Alexander Flood,16.0,0,5.0,5.0,8.0,82.0,1
Julia Dust,23.0,1,4.0,2.0,6.0,81.0,1
Mia Vader,21.0,1,5.0,2.0,1.0,97.0,1
Eva Whistler,16.0,1,9.0,2.0,1.0,82.0,1
Robert Apex,24.0,0,3.0,4.0,1.0,49.0,0
Nora Apex,16.0,1,8.0,5.0,7.0,96.0,1
Theodore Smoker,23.0,0,7.0,5.0,3.0,94.0,1
Easton Mockingbird,20.0,0,3.0,6.0,3.0,58.0,0
Isaiah Crimson,19.0,0,1.0,2.0,4.0,65.0,0
Leonardo Blitz,17.0,0,5.0,4.0,4.0,84.0,1
Evelyn Voodoo,21.0,1,6.0,6.0,1.0,57.0,0
Riley Mutilator,18.0,1,7.0,4.0,2.0,95.0,1
Sophie Malice,23.0,1,1.0,5.0,4.0,36.0,0
Theodore Moreau,19.0,0,4.0,4.0,6.0,85.0,1
Miles Blur,19.0,0,8.0,4.0,2.0,88.0,1
Piper Zorg,21.0,1,1.0,2.0,4.0,67.0,0
Everett Serpentine,20.0,0,7.0,5.0,3.0,99.0,1
Gabriel Medusa,19.0,0,8.0,6.0,7.0,92.0,1
Lily Avalanche,18.0,1,7.0,6.0,7.0,96.0,1
Easton Upagarde,21.0,0,6.0,3.0,7.0,91.0,1
James Inferno,17.0,0,5.0,4.0,2.0,83.0,1
Leo Genesis,19.0,0,6.0,6.0,6.0,85.0,1
Nolan Mimic,20.0,0,1.0,4.0,5.0,44.0,0
Josephine Flux,24.0,1,4.0,3.0,6.0,84.0,1
Emily Diaspora,22.0,1,2.0,4.0,2.0,48.0,0
Michael Whitewash,21.0,0,4.0,2.0,6.0,94.0,1
Leo Checkmate,24.0,0,1.0,2.0,3.0,59.0,0
Alexander Dreadfort,21.0,0,7.0,2.0,7.0,87.0,1
Eva Mort,18.0,1,7.0,6.0,8.0,93.0,1
Alice Hex,20.0,1,5.0,4.0,5.0,85.0,1
Natalie Malice,18.0,1,3.0,2.0,2.0,99.0,1
Anna Flux,20.0,1,7.0,5.0,4.0,93.0,1
Sophie Vader,19.0,1,7.0,5.0,3.0,97.0,1
Maya Spite,16.0,1,7.0,6.0,1.0,58.0,0
Ethan Mort,19.0,0,1.0,3.0,2.0,36.0,0
Lincoln Nemesis,17.0,0,2.0,2.0,7.0,85.0,1
Oliver Frenzy,19.0,0,7.0,3.0,6.0,80.0,0
Brayden Mutilator,17.0,0,8.0,3.0,6.0,88.0,1
Jack Mort,16.0,0,7.0,5.0,4.0,80.0,0
Colton Static,23.0,0,2.0,2.0,6.0,98.0,1
Nicholas Ramsay,17.0,0,1.0,5.0,7.0,51.0,0
Mateo Moreau,20.0,0,9.0,3.0,5.0,95.0,1
Aurora Inferno,20.0,1,6.0,2.0,3.0,98.0,1
Anthony Dreadfort,23.0,0,4.0,6.0,3.0,70.0,0
Abigail Limerick,16.0,1,6.0,5.0,8.0,94.0,1
Gianna Blitz,20.0,1,6.0,4.0,1.0,72.0,0
Aiden Avalanche,21.0,0,6.0,4.0,0.0,45.0,0
Caleb Diaspora,17.0,0,3.0,3.0,1.0,50.0,0
Andrew Blur,18.0,0,6.0,5.0,6.0,93.0,1
Mila Schism,18.0,1,9.0,5.0,4.0,99.0,1
Jace Snake,17.0,0,4.0,3.0,5.0,84.0,1
Jace Crassus,24.0,0,1.0,4.0,2.0,33.0,0
Benjamin Dreadfort,20.0,0,2.0,5.0,7.0,80.0,0
Isaac Sweeney,23.0,0,6.0,5.0,3.0,96.0,1
Jayden Mutilator,22.0,0,2.0,3.0,2.0,56.0,0
Everett Schism,24.0,0,8.0,3.0,1.0,91.0,1
Bryson Flatline,16.0,0,4.0,5.0,0.0,29.0,0
Allison Blight,23.0,1,5.0,4.0,6.0,82.0,1
Robert Moreau,16.0,0,9.0,3.0,7.0,88.0,1
Sebastian Tortuga,17.0,0,2.0,3.0,7.0,91.0,1
Vivian Whistler,24.0,1,9.0,5.0,2.0,82.0,1
Everly Frost,22.0,1,9.0,5.0,5.0,93.0,1
Robert Hades,24.0,0,9.0,4.0,3.0,99.0,1
Christopher Vader,16.0,0,1.0,2.0,8.0,82.0,1
Lincoln Medusa,24.0,0,3.0,4.0,5.0,85.0,1
Emilia Flux,18.0,1,9.0,4.0,3.0,97.0,1
Liam Misfit,17.0,0,4.0,6.0,6.0,100.0,1
Anthony Upagarde,23.0,0,7.0,3.0,4.0,91.0,1
Colton Whitewash,18.0,0,9.0,2.0,4.0,90.0,1
Isabella Diaspora,17.0,1,4.0,3.0,6.0,87.0,1
Isla Shivers,18.0,1,2.0,4.0,6.0,84.0,1
Jacob Rampage,20.0,0,2.0,4.0,4.0,66.0,0
Leah Inferno,16.0,1,1.0,4.0,5.0,43.0,0
Brayden Dreadfort,19.0,0,5.0,2.0,5.0,80.0,0
Ryan Flatline,17.0,0,9.0,2.0,1.0,81.0,1
Quinn Crimson,21.0,1,7.0,6.0,6.0,84.0,1
Colton Buttons,18.0,0,1.0,5.0,4.0,37.0,0
Claire Aberration,23.0,1,1.0,6.0,8.0,49.0,0
Aaliyah Nemesis,23.0,1,1.0,2.0,3.0,59.0,0
Genesis Atomic,18.0,1,5.0,2.0,2.0,95.0,1
Colton Blight,18.0,0,2.0,2.0,3.0,90.0,1
Leo Upagarde,17.0,0,4.0,2.0,2.0,94.0,1
Layla Moreau,20.0,1,8.0,3.0,6.0,84.0,1
Michael Discord,21.0,0,8.0,5.0,1.0,74.0,0
Angel Mutilator,20.0,0,9.0,3.0,1.0,80.0,0
Julian Tempus,19.0,0,6.0,3.0,6.0,93.0,1
Charles Limerick,19.0,0,6.0,2.0,1.0,95.0,1
Everett Whitewash,23.0,0,1.0,2.0,1.0,39.0,0
Hailey Le Strange,19.0,1,3.0,5.0,5.0,84.0,1
Sarah Atomic,23.0,1,7.0,3.0,7.0,100.0,1
Ryan Malice,22.0,0,9.0,3.0,5.0,90.0,1
Hazel Mort,24.0,1,9.0,6.0,8.0,90.0,1
Jacob Felon,18.0,0,8.0,5.0,7.0,99.0,1
Madison Wendigo,17.0,1,4.0,6.0,2.0,55.0,0
Naomi Hex,18.0,1,5.0,2.0,7.0,92.0,1
Amelia Buttons,21.0,1,4.0,2.0,6.0,91.0,1
Isaiah Frenzy,18.0,0,7.0,5.0,6.0,84.0,1
Bella Ditch,21.0,1,4.0,2.0,5.0,96.0,1
Hazel Whitewash,20.0,1,5.0,3.0,1.0,76.0,0
Madeline Parallax,18.0,1,4.0,5.0,7.0,98.0,1
Elena Doom,23.0,1,2.0,5.0,6.0,71.0,0
Jack Mudlark,17.0,0,1.0,3.0,3.0,40.0,0
Hailey Overkill,17.0,1,2.0,2.0,4.0,87.0,1
Sarah Buttons,21.0,1,1.0,4.0,7.0,57.0,0
Noah Genesis,22.0,0,1.0,4.0,1.0,25.0,0
Gianna Voodoo,24.0,1,1.0,3.0,1.0,33.0,0
Jace Le Strange,24.0,0,9.0,2.0,6.0,100.0,1
Sawyer Blackout,18.0,0,4.0,2.0,4.0,90.0,1
Jacob Blackout,16.0,0,8.0,3.0,6.0,90.0,1
Isla Burnout,16.0,1,9.0,3.0,8.0,91.0,1
Henry Genesis,18.0,0,2.0,6.0,3.0,44.0,0
Hailey Smoker,21.0,1,7.0,3.0,4.0,98.0,1
Dylan Static,18.0,0,2.0,6.0,8.0,73.0,0
Luke Static,18.0,0,9.0,2.0,7.0,98.0,1
Jaxson Shivers,22.0,0,8.0,2.0,3.0,83.0,1
Santiago ,21.0,0,9.0,2.0,5.0,83.0,1
Brielle Ditch,23.0,1,5.0,6.0,2.0,69.0,0
Christian Shivers,17.0,0,5.0,5.0,1.0,53.0,0
Easton Blink,19.0,0,3.0,6.0,4.0,67.0,0
Daniel Pitfall,16.0,0,7.0,3.0,5.0,96.0,1
Thomas Misfit,19.0,0,1.0,6.0,3.0,31.0,0
Adeline Hades,20.0,1,2.0,2.0,6.0,96.0,1
Xavier Snake,16.0,0,6.0,3.0,1.0,81.0,1
Elena Avalanche,21.0,1,4.0,5.0,1.0,49.0,0
Allison Inferno,20.0,1,4.0,4.0,2.0,74.0,0
Ella Drift,20.0,1,2.0,5.0,7.0,79.0,0
Carter Rewind,24.0,0,1.0,4.0,1.0,27.0,0
Hazel Mort,21.0,1,7.0,4.0,4.0,95.0,1
Christopher Whistler,19.0,0,8.0,4.0,6.0,98.0,1
Nova Le Strange,24.0,1,4.0,4.0,0.0,36.0,0
Emma Snake,19.0,1,6.0,6.0,3.0,94.0,1
Luke Recluse,22.0,0,7.0,4.0,1.0,83.0,1
Jonathan Checkmate,24.0,0,4.0,3.0,4.0,91.0,1
Michael Overkill,22.0,0,8.0,4.0,5.0,97.0,1
Jordan Tortuga,21.0,0,8.0,6.0,6.0,99.0,1
Oliver Cerberus,22.0,0,9.0,3.0,5.0,97.0,1
Greyson Grifter,23.0,0,5.0,6.0,8.0,92.0,1
Quinn Crypto,21.0,1,6.0,3.0,7.0,85.0,1
Nora Pyro,21.0,1,7.0,3.0,6.0,99.0,1
William Recluse,23.0,0,3.0,6.0,6.0,89.0,1
Isaiah Tuco,22.0,0,9.0,5.0,6.0,80.0,0
Adrian Mutilator,24.0,0,3.0,4.0,1.0,49.0,0
Aurora Crassus,16.0,1,3.0,5.0,4.0,74.0,0
Logan Tuco,17.0,0,2.0,2.0,2.0,71.0,0
Lillian Parallax,17.0,1,3.0,5.0,1.0,35.0,0
Landon Wendigo,20.0,0,1.0,4.0,8.0,59.0,0
Scarlett Miracle,21.0,1,7.0,2.0,2.0,98.0,1
Christian Doom,21.0,0,1.0,6.0,2.0,26.0,0
Adam Misfit,20.0,0,2.0,6.0,6.0,64.0,0
Ryan Recluse,22.0,0,7.0,2.0,2.0,86.0,1
Addison Doom,22.0,1,6.0,6.0,5.0,90.0,1
Emery Moreau,20.0,1,3.0,5.0,3.0,65.0,0
Jaxson Genesis,16.0,0,7.0,2.0,2.0,91.0,1
Ruby Vex,24.0,1,7.0,4.0,8.0,94.0,1
Samuel Menace,19.0,0,5.0,2.0,3.0,84.0,1
Luna Whistler,19.0,1,4.0,4.0,2.0,70.0,0
Mason Ramsay,20.0,0,4.0,4.0,1.0,52.0,0
Elias Recluse,16.0,0,5.0,2.0,7.0,88.0,1
Mason Overkill,18.0,0,2.0,5.0,2.0,42.0,0
Stella Spite,16.0,1,2.0,4.0,3.0,56.0,0
Gabriel Bedlam,22.0,0,5.0,3.0,8.0,93.0,1
Valentina Wendigo,22.0,1,2.0,2.0,5.0,89.0,1
Jameson Checkmate,20.0,0,2.0,5.0,0.0,26.0,0
Mia De Ville,18.0,1,1.0,3.0,3.0,41.0,0
Ella Spasm,16.0,1,2.0,5.0,3.0,48.0,0
Autumn Rundown,19.0,1,4.0,4.0,6.0,93.0,1
Nova ,21.0,1,5.0,6.0,7.0,99.0,1
Emily Drift,17.0,1,5.0,3.0,0.0,38.0,0
Mason Bedlam,22.0,0,8.0,3.0,4.0,93.0,1
Scarlett Mockingbird,23.0,1,6.0,4.0,6.0,87.0,1
Matthew Burnout,22.0,0,4.0,5.0,3.0,78.0,0
Ethan Blight,21.0,0,6.0,2.0,6.0,97.0,1
Wyatt Oblique,20.0,0,2.0,4.0,1.0,37.0,0
Nova Moreau,18.0,1,7.0,3.0,8.0,97.0,1
Lincoln Crossfire,22.0,0,5.0,3.0,4.0,89.0,1
Connor Voodoo,23.0,0,5.0,6.0,4.0,82.0,1
Maverick Miracle,21.0,0,7.0,3.0,8.0,90.0,1
Kayden Diaspora,23.0,0,7.0,4.0,6.0,90.0,1
Hazel Tuco,20.0,1,2.0,2.0,5.0,97.0,1
Caroline Avalanche,21.0,1,2.0,4.0,6.0,88.0,1
Julian Pyro,16.0,0,3.0,2.0,7.0,100.0,1
Sawyer Crypto,18.0,0,5.0,4.0,7.0,89.0,1
Colton Pitfall,22.0,0,9.0,5.0,4.0,99.0,1
Samantha Mimic,18.0,1,5.0,3.0,2.0,89.0,1
Chloe Diaspora,18.0,1,9.0,2.0,7.0,90.0,1
Greyson Crassus,24.0,0,5.0,6.0,7.0,80.0,0
Mia Tuco,23.0,1,4.0,2.0,8.0,98.0,1
Isla Cerberus,18.0,1,5.0,3.0,5.0,99.0,1
Sawyer Limerick,18.0,0,8.0,6.0,1.0,66.0,0
Emily Nemesis,19.0,1,7.0,3.0,6.0,99.0,1
Audrey Crypto,24.0,1,3.0,5.0,4.0,79.0,0
Naomi Blight,24.0,1,9.0,6.0,1.0,79.0,0
Lillian Rewind,19.0,1,1.0,2.0,0.0,23.0,0
Lucy Flood,19.0,1,3.0,6.0,5.0,75.0,0
Amelia Nemesis,23.0,1,3.0,4.0,6.0,85.0,1
Everly Cyclone,17.0,1,2.0,2.0,1.0,50.0,0
Aiden Nemesis,24.0,0,4.0,4.0,1.0,57.0,0
Jordan Engineer,23.0,0,9.0,2.0,4.0,81.0,1
Caroline Mutilator,19.0,1,7.0,3.0,1.0,99.0,1
Allison Diaspora,18.0,1,6.0,2.0,8.0,100.0,1
Paisley Burnout,22.0,1,1.0,5.0,4.0,39.0,0
Nevaeh Hades,23.0,1,7.0,2.0,4.0,99.0,1
Jacob Whip,23.0,0,4.0,6.0,7.0,81.0,1
Natalie Ramsay,23.0,1,1.0,2.0,3.0,56.0,0
Autumn Dreadfort,23.0,1,4.0,6.0,4.0,86.0,1
Owen Omega,18.0,0,6.0,2.0,5.0,81.0,1
Parker Crossfire,24.0,0,8.0,2.0,2.0,84.0,1
Elijah Frost,18.0,0,2.0,2.0,2.0,72.0,0
Andrew Buttons,20.0,0,1.0,6.0,2.0,28.0,0
Eliana Nocturne,17.0,1,9.0,6.0,4.0,87.0,1
Eliana Recluse,16.0,1,5.0,3.0,4.0,88.0,1
Aurora Crypto,23.0,1,6.0,5.0,8.0,91.0,1
Elizabeth Felon,16.0,1,9.0,2.0,6.0,99.0,1
Colton Vex,18.0,0,2.0,5.0,3.0,49.0,0
Allison ,20.0,1,4.0,5.0,3.0,79.0,0
Julian Cyclone,23.0,0,1.0,6.0,3.0,30.0,0
Ezra Vader,21.0,0,3.0,2.0,1.0,71.0,0
Alexa Whistler,24.0,1,1.0,6.0,6.0,43.0,0
Hailey Static,21.0,1,1.0,2.0,5.0,77.0,0
William Overkill,17.0,0,2.0,4.0,3.0,57.0,0
Stella Surge,24.0,1,5.0,4.0,2.0,94.0,1
Nocturne,24.0,1,4.0,2.0,7.0,89.0,1
Sofia Frenzy,23.0,1,5.0,4.0,7.0,95.0,1
Carson Whitewash,20.0,0,4.0,5.0,1.0,49.0,0
Sarah Hades,18.0,1,7.0,2.0,7.0,90.0,1
Ryan Cerberus,16.0,0,8.0,3.0,6.0,82.0,1
Isabella Smoker,20.0,1,5.0,6.0,5.0,97.0,1
Anna Miracle,22.0,1,1.0,2.0,2.0,45.0,0
Jose Trace,24.0,0,5.0,5.0,4.0,93.0,1
Gabriel Static,17.0,0,8.0,6.0,6.0,99.0,1
Sophie Surge,21.0,1,6.0,6.0,2.0,77.0,0
Lillian Hex,24.0,1,8.0,5.0,7.0,82.0,1
Isaiah Glitch,20.0,0,1.0,3.0,6.0,65.0,0
Aurora Pyro,21.0,1,4.0,2.0,7.0,90.0,1
Xavier Drift,21.0,0,5.0,5.0,7.0,83.0,1
Evelyn Burnout,18.0,1,5.0,5.0,7.0,81.0,1
Christopher Menace,16.0,0,5.0,6.0,5.0,92.0,1
Theodore Parallax,18.0,0,8.0,4.0,7.0,93.0,1
Matthew Frenzy,24.0,0,1.0,6.0,4.0,32.0,0
Carter Le Strange,19.0,0,6.0,2.0,7.0,92.0,1
Ivy Tempus,17.0,1,1.0,2.0,3.0,55.0,0
Olivia Dreadfort,16.0,1,9.0,2.0,7.0,91.0,1
Hailey Cascade,16.0,1,9.0,4.0,5.0,92.0,1
Theodore Serpentine,19.0,0,9.0,4.0,7.0,86.0,1
Benjamin Misfit,19.0,0,8.0,4.0,6.0,99.0,1
Charlotte Blackout,21.0,1,5.0,2.0,8.0,80.0,0
Chloe Glitch,23.0,1,7.0,3.0,6.0,97.0,1
Dylan Parallax,16.0,0,3.0,6.0,7.0,94.0,1
Claire Mockingbird,19.0,1,1.0,5.0,3.0,34.0,0
Colton Malice,18.0,0,9.0,6.0,1.0,69.0,0
Jacob Blur,24.0,0,6.0,4.0,4.0,91.0,1
Lincoln Static,16.0,0,8.0,2.0,4.0,91.0,1
Jayden Blur,22.0,0,6.0,6.0,7.0,82.0,1
Hunter Atomic,24.0,0,8.0,2.0,0.0,94.0,1
Adam Zorg,16.0,0,9.0,2.0,8.0,87.0,1
Julian Flood,19.0,0,7.0,5.0,3.0,100.0,1
Skylar Dust,16.0,1,9.0,2.0,8.0,80.0,0
Sadie Schism,23.0,1,5.0,3.0,7.0,82.0,1
Lydia Tortuga,22.0,1,6.0,4.0,6.0,89.0,1
Ella Glitch,24.0,1,4.0,6.0,6.0,100.0,1
Lily Recluse,21.0,1,2.0,4.0,1.0,38.0,0
Josiah Hades,17.0,0,9.0,2.0,6.0,80.0,0
Emma Atomic,17.0,1,4.0,5.0,2.0,58.0,0
Andrew Glitch,20.0,0,2.0,4.0,7.0,96.0,1
Emma Snake,18.0,1,8.0,6.0,7.0,94.0,1
Audrey Burnout,19.0,1,3.0,6.0,6.0,83.0,1
Burnout,18.0,0,7.0,2.0,3.0,89.0,1
Asher Blink,22.0,0,7.0,4.0,6.0,96.0,1
Violet Blink,16.0,1,5.0,4.0,2.0,83.0,1
Valentina Transonic,16.0,1,5.0,5.0,3.0,92.0,1
Bella Moreau,24.0,1,2.0,2.0,8.0,85.0,1
Austin Wendigo,19.0,0,5.0,5.0,4.0,82.0,1
Eliana Blink,17.0,1,9.0,6.0,2.0,96.0,1
Benjamin Spite,18.0,0,9.0,6.0,3.0,87.0,1
Violet Shivers,22.0,1,9.0,3.0,6.0,97.0,1
John Rundown,24.0,0,2.0,2.0,6.0,98.0,1
Christian Mimic,23.0,0,6.0,2.0,4.0,89.0,1
Sebastian Parallax,20.0,0,6.0,2.0,6.0,83.0,1
Dylan Engineer,18.0,0,8.0,5.0,1.0,70.0,0
Naomi Frenzy,18.0,1,9.0,3.0,5.0,97.0,1
Alexander Inferno,18.0,0,4.0,6.0,2.0,52.0,0
Dominic Cascade,19.0,0,7.0,3.0,6.0,99.0,1
Aaron Limerick,23.0,0,3.0,2.0,0.0,45.0,0
Autumn Oblique,24.0,1,6.0,3.0,7.0,92.0,1
Julia Glitch,21.0,1,8.0,4.0,2.0,97.0,1
Isaiah Buttons,21.0,0,4.0,3.0,2.0,92.0,1
Emily Doom,16.0,1,7.0,5.0,3.0,89.0,1
Asher Glitch,17.0,0,2.0,5.0,1.0,31.0,0
Mason Nocturne,16.0,0,1.0,4.0,6.0,49.0,0
Roman Glitch,22.0,0,8.0,5.0,6.0,90.0,1
Sawyer Dreadfort,23.0,0,7.0,5.0,3.0,92.0,1
Jacob Whitewash,22.0,0,3.0,4.0,6.0,91.0,1
Everly Blitz,21.0,1,2.0,4.0,2.0,48.0,0
Audrey Overkill,20.0,1,2.0,6.0,5.0,54.0,0
Aiden Transonic,22.0,0,5.0,3.0,1.0,81.0,1
Delilah Upagarde,19.0,1,4.0,2.0,3.0,96.0,1
Jacob Avalanche,17.0,0,6.0,6.0,7.0,87.0,1
Grayson Diaspora,24.0,0,3.0,2.0,5.0,100.0,1
Autumn Zorg,19.0,1,9.0,3.0,2.0,85.0,1
Willow Nocturne,20.0,1,8.0,5.0,2.0,94.0,1
Nora Static,18.0,1,3.0,2.0,1.0,70.0,0
Leonardo Pitfall,16.0,0,2.0,5.0,6.0,71.0,0
Daniel Aberration,17.0,0,4.0,5.0,7.0,83.0,1
Matthew Trace,23.0,0,7.0,3.0,5.0,97.0,1
Kennedy Flux,24.0,1,3.0,5.0,3.0,68.0,0
Naomi Apex,24.0,1,1.0,5.0,8.0,56.0,0
Jacob Blitz,24.0,0,9.0,3.0,6.0,90.0,1
Sarah Burnout,21.0,1,9.0,5.0,7.0,86.0,1
Autumn Apex,18.0,1,5.0,3.0,2.0,83.0,1
Nora Buttons,18.0,1,8.0,4.0,5.0,98.0,1
Jonathan Limerick,21.0,0,7.0,2.0,6.0,86.0,1
Easton Vader,22.0,0,6.0,6.0,7.0,94.0,1
Oliver Mockingbird,16.0,0,6.0,6.0,2.0,68.0,0
Jackson Rampage,24.0,0,5.0,4.0,0.0,42.0,0
Nathan Grifter,22.0,0,1.0,6.0,0.0,18.0,0
Parker Flux,23.0,0,6.0,2.0,7.0,94.0,1
Owen Zorg,18.0,0,3.0,2.0,3.0,80.0,0
Sofia Aberration,17.0,1,2.0,3.0,7.0,94.0,1
Christopher Mimic,16.0,0,2.0,5.0,2.0,39.0,0
Brielle Flood,18.0,1,9.0,2.0,3.0,89.0,1
Jackson Zorg,22.0,0,7.0,2.0,4.0,87.0,1
Scarlett Felon,21.0,1,3.0,6.0,5.0,75.0,0
Chloe Standoff,22.0,1,2.0,2.0,3.0,95.0,1
Abigail Discord,23.0,1,5.0,6.0,3.0,85.0,1
Kayden Checkmate,17.0,0,2.0,3.0,1.0,40.0,0
Evelyn Flood,23.0,1,7.0,6.0,6.0,94.0,1
Emily Limerick,24.0,1,8.0,2.0,8.0,95.0,1
Andrew Grifter,24.0,0,9.0,6.0,7.0,80.0,0
Nolan Discord,19.0,0,6.0,5.0,7.0,83.0,1
Josiah Le Strange,19.0,0,5.0,4.0,4.0,81.0,1
Nova Schism,22.0,1,7.0,5.0,5.0,98.0,1
Gabriella Serpentine,24.0,1,6.0,3.0,6.0,85.0,1
Hailey Nocturne,19.0,1,3.0,5.0,2.0,52.0,0
Bryson Cascade,23.0,0,3.0,5.0,4.0,75.0,0
Samuel Grifter,21.0,0,6.0,3.0,8.0,89.0,1
Camila Snake,23.0,1,3.0,2.0,7.0,97.0,1
Kaylee Menace,24.0,1,1.0,3.0,2.0,35.0,0
Carson Avalanche,20.0,0,3.0,6.0,2.0,43.0,0
Landon Mort,22.0,0,3.0,3.0,3.0,97.0,1
Greyson Persephonia,19.0,0,3.0,2.0,3.0,80.0,0
Sophia Moreau,23.0,1,1.0,6.0,2.0,28.0,0
Michael Le Strange,24.0,0,6.0,2.0,7.0,85.0,1
Roman Cerberus,18.0,0,6.0,4.0,2.0,97.0,1
James Buttons,16.0,0,8.0,6.0,7.0,86.0,1
Christopher Checkmate,18.0,0,9.0,6.0,8.0,89.0,1
Dreadfort,20.0,0,7.0,2.0,6.0,84.0,1
Jack Mort,16.0,0,3.0,4.0,4.0,77.0,1
Ezekiel Ditch,19.0,0,8.0,6.0,7.0,85.0,1
Eliana Tempus,22.0,1,6.0,4.0,1.0,72.0,0
Adam Vader,20.0,0,1.0,5.0,8.0,50.0,0
Jacob Blitz,22.0,0,4.0,3.0,5.0,91.0,1
Josiah Bedlam,22.0,0,8.0,5.0,5.0,93.0,1
Avery Recluse,21.0,1,3.0,2.0,4.0,92.0,1
Robert Crypto,19.0,0,4.0,4.0,4.0,82.0,1
Ellie Aberration,20.0,1,4.0,4.0,7.0,86.0,1
Addison Bedlam,21.0,1,8.0,6.0,3.0,80.0,0
Oliver Vex,22.0,0,2.0,4.0,7.0,99.0,1
Addison Tortuga,24.0,1,7.0,5.0,7.0,82.0,1
Grayson Wendigo,17.0,0,8.0,3.0,0.0,52.0,0
Josiah Recluse,19.0,0,8.0,2.0,1.0,94.0,1
Elias Tuco,18.0,0,2.0,4.0,1.0,34.0,0
Miles Upagarde,22.0,0,6.0,3.0,4.0,84.0,1
James Mutilator,23.0,0,8.0,2.0,5.0,87.0,1
Lily Smoker,20.0,1,1.0,4.0,2.0,34.0,0
Thomas Blink,23.0,0,4.0,6.0,5.0,99.0,1
Everly Inferno,16.0,1,8.0,3.0,2.0,84.0,1
Emilia Drift,19.0,1,3.0,3.0,2.0,75.0,0
Flatline,24.0,0,8.0,5.0,7.0,88.0,1
Maverick Snake,23.0,0,2.0,5.0,5.0,66.0,0
Delilah Cascade,18.0,1,1.0,3.0,7.0,70.0,0
Parker Cerberus,17.0,0,3.0,6.0,1.0,34.0,0
Madeline Snake,20.0,1,9.0,6.0,6.0,99.0,1
Maya Crimson,19.0,1,6.0,5.0,7.0,87.0,1
Levi Rewind,16.0,0,3.0,3.0,5.0,97.0,1
Lucas Trace,23.0,0,3.0,6.0,5.0,77.0,0
Anthony Blur,20.0,0,7.0,3.0,2.0,88.0,1
Elena ,16.0,1,1.0,4.0,6.0,49.0,0
Scarlett ,18.0,1,3.0,2.0,3.0,87.0,1
William Doom,24.0,0,3.0,6.0,2.0,49.0,0
Logan Flux,21.0,0,4.0,4.0,3.0,94.0,1
Liam Schism,24.0,0,1.0,4.0,7.0,60.0,0
Grace Pitfall,24.0,1,8.0,6.0,5.0,81.0,1
Bella Voodoo,20.0,1,2.0,2.0,8.0,83.0,1
Jason Mimic,23.0,0,7.0,5.0,3.0,81.0,1
Cora Felon,21.0,1,9.0,3.0,3.0,88.0,1
Nathan Apex,17.0,0,6.0,4.0,4.0,85.0,1
Elijah Sweeney,16.0,0,5.0,2.0,2.0,94.0,1
Asher Spasm,24.0,0,1.0,2.0,5.0,77.0,0
Everett Cyclone,16.0,0,8.0,6.0,3.0,85.0,1
Ezra Ditch,16.0,0,4.0,3.0,6.0,93.0,1
Savannah Miracle,18.0,1,3.0,6.0,2.0,46.0,0
Dylan Frenzy,24.0,0,9.0,3.0,7.0,99.0,1
Henry Oblique,20.0,0,7.0,5.0,3.0,82.0,1
Cora Crassus,20.0,1,1.0,4.0,4.0,77.0,0
Michael Felon,22.0,0,7.0,6.0,3.0,92.0,1
Greyson Surge,18.0,0,9.0,5.0,4.0,100.0,1
Jaxson Hex,21.0,0,9.0,5.0,2.0,84.0,1
Elias Umbridge,23.0,0,7.0,6.0,6.0,89.0,1
Mason Limerick,17.0,0,1.0,4.0,2.0,29.0,0
Mia Schism,21.0,1,8.0,6.0,3.0,86.0,1
Joseph Aberration,19.0,0,5.0,5.0,4.0,82.0,1
Christopher Genesis,21.0,0,4.0,3.0,5.0,84.0,1
Emilia Tortuga,21.0,1,9.0,3.0,4.0,96.0,1
Ezra Frost,22.0,0,3.0,4.0,5.0,91.0,1
Hunter Doom,21.0,0,2.0,6.0,4.0,48.0,0
Hudson Craster,20.0,0,3.0,2.0,2.0,89.0,1
Isaiah Cyclone,17.0,0,8.0,2.0,3.0,85.0,1
Elias Ramsay,17.0,0,7.0,6.0,1.0,59.0,0
Lillian Pyro,21.0,1,8.0,3.0,8.0,99.0,1
Everett Pitfall,22.0,0,2.0,4.0,4.0,69.0,0
Mia ,19.0,1,1.0,4.0,5.0,49.0,0
Cameron Mutilator,17.0,0,8.0,6.0,1.0,63.0,0
Ruby Whitewash,24.0,1,7.0,5.0,1.0,73.0,0
Aaron Spasm,24.0,0,7.0,5.0,2.0,92.0,1
Leo Nemesis,22.0,0,6.0,3.0,3.0,96.0,1
Aurora Mudlark,21.0,1,2.0,2.0,1.0,56.0,0
Dylan Buttons,23.0,0,8.0,4.0,5.0,88.0,1
Hannah Ditch,20.0,1,2.0,6.0,7.0,68.0,0
Zoey Discord,16.0,1,2.0,5.0,4.0,57.0,0
Natalie Le Strange,23.0,1,6.0,2.0,1.0,97.0,1
Logan Genesis,17.0,0,1.0,2.0,6.0,85.0,1
Hailey Discord,23.0,1,8.0,5.0,7.0,94.0,1
Parker Aberration,20.0,0,3.0,6.0,1.0,38.0,0
Lydia Dreadfort,16.0,1,1.0,5.0,5.0,38.0,0
Alice Rewind,21.0,1,2.0,4.0,5.0,74.0,0
Zoe Recluse,18.0,1,8.0,4.0,7.0,100.0,1
Josephine Dust,24.0,1,1.0,6.0,5.0,35.0,0
Samuel Crossfire,18.0,0,8.0,2.0,7.0,85.0,1
Christopher Safari,24.0,0,9.0,4.0,5.0,100.0,1
Kayden Moreau,16.0,0,8.0,2.0,4.0,94.0,1
Madeline ,17.0,1,7.0,4.0,7.0,93.0,1
Paisley Apex,24.0,1,8.0,5.0,4.0,82.0,1
Dominic Mort,17.0,0,4.0,2.0,6.0,81.0,1
Ellie Diaspora,20.0,1,4.0,3.0,3.0,96.0,1
Jack Oblique,24.0,0,4.0,5.0,5.0,84.0,1
Landon De Ville,16.0,0,2.0,5.0,1.0,29.0,0
Carson Cerberus,20.0,0,4.0,6.0,6.0,93.0,1
Allison Malice,19.0,1,7.0,4.0,2.0,91.0,1
Lillian Whip,21.0,1,1.0,6.0,7.0,46.0,0
Autumn Crossfire,21.0,1,9.0,2.0,1.0,83.0,1
Ivy Pyro,23.0,1,5.0,6.0,7.0,83.0,1
Jason ,22.0,0,1.0,6.0,1.0,26.0,0
Mia Mort,17.0,1,1.0,6.0,1.0,21.0,0
Andrew Vader,16.0,0,7.0,3.0,1.0,93.0,1
Levi Oblique,20.0,0,4.0,6.0,4.0,83.0,1
Henry Rewind,22.0,0,9.0,4.0,0.0,56.0,0
Lincoln Buttons,24.0,0,6.0,3.0,1.0,97.0,1
Layla Spite,16.0,1,4.0,3.0,5.0,97.0,1
Mason Medusa,17.0,0,7.0,4.0,7.0,93.0,1
Luke Apex,19.0,0,1.0,6.0,1.0,23.0,0
Mila Overkill,17.0,1,6.0,5.0,1.0,55.0,0
Christopher Serpentine,24.0,0,9.0,5.0,4.0,88.0,1
Lillian Hex,20.0,1,3.0,4.0,3.0,73.0,0
Everly Crypto,23.0,1,9.0,2.0,7.0,99.0,1
Nolan Rundown,19.0,0,4.0,6.0,1.0,41.0,0
Evan Miracle,24.0,0,4.0,3.0,2.0,95.0,1
Santiago Discord,17.0,0,4.0,3.0,0.0,36.0,0
Aaron Nemesis,16.0,0,9.0,6.0,7.0,99.0,1
David Crossfire,20.0,0,6.0,4.0,5.0,86.0,1
Isabella Drift,22.0,1,7.0,5.0,3.0,95.0,1
Aubrey Rewind,24.0,1,9.0,6.0,0.0,46.0,0
Nevaeh Omega,20.0,1,7.0,4.0,1.0,81.0,1
Aaron Omega,24.0,0,7.0,2.0,3.0,92.0,1
Hailey ,16.0,1,1.0,4.0,0.0,19.0,0
Brielle Wendigo,21.0,1,7.0,5.0,3.0,95.0,1
Delilah Cyclone,16.0,1,8.0,3.0,6.0,92.0,1
Angel Burnout,18.0,0,6.0,3.0,4.0,84.0,1
Grace Burnout,17.0,1,5.0,4.0,6.0,91.0,1
Asher Medusa,22.0,0,3.0,5.0,4.0,77.0,0
William Hades,24.0,0,8.0,2.0,2.0,77.0,1
Adrian Checkmate,23.0,0,2.0,6.0,3.0,43.0,0
Angel Tortuga,19.0,0,2.0,4.0,1.0,38.0,0
Camila Spasm,20.0,1,4.0,2.0,0.0,52.0,0
Colton Safari,18.0,0,9.0,5.0,7.0,86.0,1
Axel Genesis,24.0,0,5.0,4.0,1.0,67.0,0
Levi Pyro,16.0,0,3.0,3.0,7.0,90.0,1
Madison Frost,20.0,1,5.0,6.0,4.0,96.0,1
Parker Dust,21.0,0,2.0,3.0,1.0,43.0,0
Elias Zorg,19.0,0,5.0,4.0,8.0,86.0,1
Elena Flux,21.0,1,4.0,2.0,7.0,94.0,1
Penelope Oblique,22.0,1,3.0,6.0,1.0,36.0,0
Thomas Frost,24.0,0,9.0,4.0,2.0,80.0,0
Claire Blur,22.0,1,5.0,2.0,8.0,87.0,1
Elias Vader,20.0,0,5.0,5.0,8.0,85.0,1
Gabriel Crassus,22.0,0,9.0,2.0,1.0,90.0,1
Jason Inferno,23.0,0,9.0,4.0,5.0,81.0,1
Alexander Frost,17.0,0,4.0,5.0,3.0,79.0,0
Theodore Static,23.0,0,9.0,5.0,2.0,98.0,1
Isla Checkmate,23.0,1,5.0,4.0,0.0,77.0,0
Asher Frost,18.0,0,7.0,6.0,6.0,100.0,1
Madelyn Hex,23.0,1,1.0,4.0,4.0,43.0,0
Spasm,21.0,1,6.0,4.0,8.0,90.0,1
Greyson Rampage,19.0,0,3.0,5.0,6.0,97.0,1
Everly Mort,20.0,1,9.0,5.0,5.0,87.0,1
Ava Smoker,20.0,1,1.0,5.0,2.0,28.0,0
Madeline Mockingbird,20.0,1,4.0,6.0,5.0,97.0,1
Christopher Menace,22.0,0,8.0,4.0,5.0,99.0,1
Serenity Transonic,19.0,1,4.0,3.0,3.0,83.0,1
James ,21.0,0,2.0,6.0,0.0,22.0,0
Aaron Flux,20.0,0,8.0,2.0,5.0,90.0,1
Quinn Spite,20.0,1,9.0,4.0,1.0,83.0,1
Josephine Drift,22.0,1,8.0,5.0,3.0,88.0,1
Elena Hex,16.0,1,9.0,2.0,5.0,99.0,1
Evelyn Upagarde,16.0,1,1.0,5.0,2.0,30.0,0
Daniel Avalanche,21.0,0,9.0,2.0,8.0,91.0,1
Mila Aberration,17.0,1,4.0,2.0,7.0,82.0,1
Kennedy Schism,18.0,1,7.0,2.0,1.0,86.0,1
Caroline Menace,18.0,1,3.0,4.0,0.0,29.0,0
Nathan Felon,18.0,0,3.0,6.0,8.0,98.0,1
Elias Venom,23.0,0,2.0,2.0,5.0,82.0,1
Logan Surge,20.0,0,3.0,5.0,1.0,39.0,0
Samuel Diamondback,17.0,0,4.0,3.0,4.0,90.0,1
Cora Malice,21.0,1,9.0,5.0,5.0,86.0,1
Christian Vex,21.0,0,8.0,2.0,1.0,80.0,0
Serenity Miracle,16.0,1,7.0,6.0,1.0,55.0,0
Grace Dreadfort,18.0,1,5.0,3.0,8.0,89.0,1
Leah Mort,17.0,1,5.0,4.0,1.0,77.0,0
Jayden Hades,24.0,0,5.0,6.0,0.0,35.0,0
Nicholas Rundown,23.0,0,8.0,4.0,5.0,96.0,1
Adam Frost,20.0,0,4.0,3.0,0.0,38.0,0
Olivia Pitfall,18.0,1,7.0,5.0,1.0,64.0,0
Asher Pitfall,21.0,0,9.0,2.0,7.0,96.0,1
Gabriella Blur,20.0,1,4.0,3.0,7.0,84.0,1
Audrey Grifter,19.0,1,6.0,3.0,6.0,81.0,1
Zoe Menace,18.0,1,6.0,4.0,4.0,80.0,0
Leonardo Cerberus,23.0,0,8.0,4.0,5.0,82.0,1
Emily Malice,17.0,1,9.0,3.0,3.0,89.0,1
Sebastian Safari,17.0,0,1.0,6.0,5.0,36.0,0
Samuel Mockingbird,17.0,0,8.0,5.0,5.0,85.0,1
Aaliyah Trace,19.0,1,5.0,6.0,5.0,97.0,1
Jason Whistler,17.0,0,9.0,2.0,0.0,79.0,0
Avery Vex,24.0,1,9.0,6.0,6.0,95.0,1
Thomas ,23.0,0,3.0,6.0,1.0,37.0,0
Gabriella Tortuga,24.0,1,1.0,4.0,1.0,28.0,0
Nathan Miracle,20.0,0,8.0,6.0,4.0,77.0,1
Thomas Cascade,20.0,0,3.0,3.0,4.0,98.0,1
Arianna Tortuga,24.0,1,1.0,4.0,8.0,63.0,0
Cameron Bedlam,21.0,0,8.0,6.0,5.0,84.0,1
Lily Oblique,21.0,1,4.0,3.0,1.0,64.0,0
Ethan Shivers,17.0,0,1.0,4.0,4.0,39.0,0
Jayden Doom,16.0,0,7.0,5.0,5.0,83.0,1
Ellie Static,19.0,1,8.0,6.0,6.0,88.0,1
Sophie Menace,19.0,1,3.0,2.0,4.0,83.0,1
Mason Flux,19.0,0,8.0,6.0,1.0,62.0,0
Elena Nemesis,16.0,1,1.0,3.0,3.0,44.0,0
Oliver Nemesis,19.0,0,2.0,6.0,0.0,24.0,0
Joshua Cascade,24.0,0,8.0,6.0,6.0,96.0,1
Nolan Zorg,20.0,0,1.0,3.0,8.0,77.0,0
Sawyer Venom,17.0,0,7.0,2.0,1.0,85.0,1
Quinn Blitz,20.0,1,6.0,6.0,2.0,75.0,0
Elizabeth Snake,22.0,1,7.0,6.0,4.0,82.0,1
Aiden Doom,21.0,0,2.0,6.0,6.0,64.0,0
Ariana Mutilator,23.0,1,8.0,3.0,0.0,66.0,0
Emma Grifter,19.0,1,8.0,2.0,4.0,80.0,0
Connor Pitfall,24.0,0,6.0,3.0,5.0,85.0,1
Hunter Imprint,16.0,0,2.0,6.0,7.0,77.0,0
Brooklyn Misfit,20.0,1,3.0,5.0,3.0,65.0,0
Audrey Tuco,17.0,1,6.0,4.0,3.0,86.0,1
Emery Glitch,17.0,1,8.0,2.0,4.0,83.0,1
John Frost,23.0,0,5.0,5.0,2.0,73.0,0
Easton Blur,17.0,0,1.0,4.0,3.0,36.0,0
Miles Mimic,20.0,0,4.0,4.0,2.0,74.0,0
Hannah Snake,23.0,1,2.0,5.0,1.0,32.0,0
Isaiah Safari,21.0,0,9.0,2.0,6.0,80.0,0
Evelyn Recluse,23.0,1,7.0,5.0,5.0,91.0,1
Allison Dreadfort,20.0,1,6.0,3.0,7.0,83.0,1
Roman Spasm,17.0,0,9.0,5.0,1.0,80.0,0
Jace Schism,22.0,0,5.0,5.0,3.0,97.0,1
Xavier Diaspora,22.0,0,9.0,6.0,4.0,89.0,1
Avery Doom,23.0,1,6.0,2.0,8.0,82.0,1
Leo Oblique,20.0,0,9.0,2.0,2.0,87.0,1
Austin Engineer,18.0,0,3.0,6.0,6.0,86.0,1
Olivia Aberration,24.0,1,6.0,5.0,2.0,87.0,1
Luna Flatline,24.0,1,1.0,3.0,1.0,32.0,0
Evelyn Blink,23.0,1,1.0,5.0,0.0,21.0,0
Harper ,16.0,1,1.0,6.0,5.0,35.0,0
William Avalanche,19.0,0,7.0,5.0,2.0,92.0,1
Christopher Rewind,20.0,0,8.0,4.0,4.0,81.0,1
Harper Nemesis,23.0,1,7.0,3.0,8.0,84.0,1
Willow Venom,16.0,1,7.0,3.0,6.0,94.0,1
Evan Atomic,22.0,0,8.0,6.0,6.0,98.0,1
Charlotte Schism,18.0,1,4.0,4.0,4.0,94.0,1
Mila Cascade,22.0,1,2.0,5.0,6.0,75.0,0
Alice Glitch,21.0,1,9.0,5.0,8.0,89.0,1
Maya Malice,19.0,1,9.0,2.0,3.0,97.0,1
Emily Medusa,17.0,1,7.0,4.0,6.0,80.0,0
Ava Ramsay,17.0,1,6.0,3.0,1.0,84.0,1
Autumn Drift,22.0,1,1.0,2.0,3.0,58.0,0
Caleb Bedlam,18.0,0,9.0,4.0,8.0,77.0,0
Adeline Crimson,19.0,1,1.0,6.0,3.0,30.0,0
Kennedy Frost,17.0,1,7.0,3.0,6.0,80.0,0
Gianna Inferno,21.0,1,4.0,2.0,3.0,80.0,0
Everett Le Strange,17.0,0,8.0,3.0,5.0,93.0,1
Ellie Frost,21.0,1,5.0,3.0,8.0,90.0,1
Henry Hex,16.0,0,3.0,4.0,1.0,42.0,0
Jonathan Moreau,20.0,0,3.0,3.0,1.0,54.0,0
Ryan Checkmate,17.0,0,5.0,3.0,5.0,88.0,1
Isla Nocturne,19.0,1,1.0,4.0,3.0,35.0,0
Aaron Vex,20.0,0,7.0,3.0,1.0,98.0,1
Joseph Blackout,16.0,0,4.0,2.0,1.0,82.0,1
Isla Crossfire,23.0,1,4.0,4.0,2.0,75.0,0
Logan Umbridge,23.0,0,1.0,2.0,5.0,75.0,0
Elena Flux,19.0,1,2.0,3.0,1.0,40.0,0
Eleanor Parallax,18.0,1,5.0,4.0,5.0,91.0,1
Genesis Apex,20.0,1,8.0,4.0,3.0,81.0,1
Jonathan Blitz,16.0,0,7.0,3.0,1.0,95.0,1
Easton Dust,20.0,0,1.0,2.0,2.0,46.0,0
Adeline Hades,24.0,1,1.0,3.0,1.0,33.0,0
Grayson Miracle,20.0,0,6.0,4.0,3.0,98.0,1
Nevaeh ,24.0,1,8.0,4.0,7.0,80.0,0
Aiden Pyro,21.0,0,6.0,5.0,6.0,91.0,1
Cora Frost,24.0,1,9.0,3.0,6.0,94.0,1
Allison Crypto,24.0,1,6.0,6.0,5.0,87.0,1
Ryan Tortuga,22.0,0,1.0,2.0,6.0,89.0,1
Carson Genesis,16.0,0,9.0,5.0,1.0,74.0,0
Layla Cascade,16.0,1,5.0,3.0,2.0,97.0,1
Ethan Tuco,20.0,0,8.0,4.0,4.0,100.0,1
Nova Burnout,17.0,1,5.0,3.0,6.0,98.0,1
Arianna Ramsay,23.0,1,8.0,2.0,1.0,96.0,1
Paisley Vader,20.0,1,8.0,2.0,5.0,85.0,1
Cameron Limerick,22.0,0,1.0,3.0,4.0,51.0,0
Autumn Frenzy,24.0,1,8.0,4.0,7.0,89.0,1
Caroline Grifter,24.0,1,4.0,2.0,3.0,99.0,1
Sofia Whistler,17.0,1,9.0,6.0,5.0,92.0,1
Anthony Umbridge,17.0,0,1.0,6.0,5.0,38.0,0
Mateo Inferno,21.0,0,4.0,6.0,6.0,97.0,1
Thomas Smoker,24.0,0,1.0,6.0,7.0,46.0,0
Hunter Bedlam,22.0,0,3.0,3.0,0.0,37.0,0
Grace Diamondback,18.0,1,6.0,6.0,3.0,90.0,1
Anna Spite,21.0,1,8.0,2.0,1.0,89.0,1
Adrian Vader,21.0,0,9.0,4.0,1.0,99.0,1
Sophie Schism,16.0,1,5.0,5.0,5.0,94.0,1
Camila Recluse,17.0,1,4.0,3.0,5.0,77.0,1
Sebastian Omega,16.0,0,1.0,5.0,4.0,34.0,0
Penelope Sweeney,23.0,1,9.0,2.0,0.0,81.0,1
Dylan Rundown,19.0,0,6.0,2.0,0.0,64.0,0
Julian Mudlark,19.0,0,3.0,4.0,7.0,89.0,1
Aubrey Vex,19.0,1,6.0,5.0,2.0,82.0,1
Wyatt Aberration,23.0,0,7.0,4.0,3.0,91.0,1
Isaac Rampage,18.0,0,9.0,2.0,7.0,94.0,1
Cora Cerberus,16.0,1,6.0,5.0,4.0,83.0,1
Landon Discord,16.0,0,2.0,2.0,3.0,93.0,1
Autumn Craster,19.0,1,5.0,2.0,8.0,98.0,1
Abigail Zorg,21.0,1,7.0,3.0,7.0,82.0,1
Nevaeh ,22.0,1,1.0,2.0,2.0,77.0,0
Levi Blur,19.0,0,1.0,6.0,6.0,43.0,0
Oliver Nocturne,17.0,0,6.0,2.0,4.0,95.0,1
Bryson Spasm,16.0,0,6.0,5.0,7.0,91.0,1
Santiago Genesis,23.0,0,1.0,5.0,5.0,42.0,0
Leah Menace,17.0,1,6.0,4.0,6.0,84.0,1
Hudson Safari,16.0,0,8.0,6.0,1.0,62.0,0
Oliver Limerick,18.0,0,3.0,3.0,4.0,80.0,0
Jonathan Blackout,23.0,0,5.0,4.0,8.0,94.0,1
Zoey Grifter,19.0,1,1.0,2.0,2.0,44.0,0
Brielle Sweeney,24.0,1,4.0,2.0,6.0,83.0,1
Isaac Frost,23.0,0,6.0,3.0,1.0,95.0,1
Madelyn Surge,20.0,1,5.0,2.0,2.0,83.0,1
Alexander Crossfire,24.0,0,9.0,5.0,5.0,98.0,1
Jonathan Hades,23.0,0,1.0,5.0,0.0,23.0,0
Noah Persephonia,18.0,0,6.0,6.0,6.0,92.0,1
Aaliyah Diamondback,23.0,1,4.0,3.0,1.0,70.0,0
Dominic Flood,21.0,0,2.0,5.0,7.0,81.0,1
Kayden Hex,22.0,0,8.0,2.0,7.0,86.0,1
Charles Voodoo,20.0,0,1.0,3.0,4.0,50.0,0
Ariana Snake,17.0,1,1.0,5.0,2.0,31.0,0
Cooper Venom,23.0,0,3.0,2.0,5.0,89.0,1
Leonardo Spite,19.0,0,8.0,3.0,6.0,96.0,1
Miles Craster,24.0,0,5.0,5.0,4.0,98.0,1
Madelyn Dust,16.0,1,4.0,5.0,5.0,86.0,1
Evan Shivers,18.0,0,2.0,3.0,2.0,53.0,0
Joseph Malice,21.0,0,4.0,2.0,3.0,99.0,1
Benjamin Felon,18.0,0,8.0,4.0,6.0,99.0,1
Miles Crossfire,21.0,0,2.0,4.0,2.0,45.0,0
Leo Miracle,19.0,0,5.0,5.0,1.0,51.0,0
Olivia Flood,16.0,1,4.0,2.0,3.0,87.0,1
Nevaeh Ditch,19.0,1,9.0,5.0,2.0,86.0,1
Lillian Static,21.0,1,8.0,6.0,1.0,65.0,0
John Diaspora,19.0,0,2.0,6.0,4.0,51.0,0
Maya Mutilator,21.0,1,5.0,5.0,5.0,88.0,1
Skylar Blight,21.0,1,9.0,3.0,1.0,84.0,1
Isaiah Mimic,22.0,0,8.0,3.0,3.0,85.0,1
Camila Inferno,19.0,1,2.0,5.0,3.0,48.0,0
Sadie Felon,18.0,1,2.0,4.0,6.0,85.0,1
Logan Diamondback,19.0,0,3.0,5.0,2.0,52.0,0
Ruby Mort,23.0,1,7.0,5.0,1.0,72.0,0
Mila Blackout,20.0,1,8.0,5.0,7.0,81.0,1
Michael Recluse,19.0,0,2.0,2.0,7.0,87.0,1
Charlotte Mort,18.0,1,3.0,5.0,4.0,77.0,0
Levi Smoker,16.0,0,3.0,2.0,6.0,97.0,1
Amelia Genesis,22.0,1,8.0,5.0,6.0,100.0,1
Levi Snake,16.0,0,1.0,2.0,1.0,33.0,0
Cora Blitz,24.0,1,4.0,2.0,7.0,80.0,0
Gabriella Ditch,18.0,1,2.0,2.0,6.0,92.0,1
Benjamin Menace,17.0,0,6.0,5.0,8.0,89.0,1
Sofia Blackout,24.0,1,1.0,5.0,6.0,43.0,0
Nova Shivers,23.0,1,3.0,6.0,3.0,56.0,0
Adam Discord,22.0,0,8.0,3.0,4.0,95.0,1
Layla Avalanche,23.0,1,8.0,3.0,7.0,77.0,1
Thomas Crypto,23.0,0,1.0,2.0,2.0,47.0,0
Kaylee Craster,17.0,1,1.0,3.0,6.0,60.0,0
Madison Avalanche,22.0,1,2.0,3.0,5.0,98.0,1
Oliver Le Strange,22.0,0,8.0,2.0,4.0,80.0,0
Jack Misfit,21.0,0,3.0,2.0,2.0,82.0,1
Kayden Wendigo,16.0,0,5.0,2.0,5.0,91.0,1
Addison Surge,20.0,1,2.0,6.0,8.0,75.0,0
Zoey Blink,16.0,1,1.0,5.0,1.0,23.0,0
Nora Mutilator,20.0,1,5.0,3.0,2.0,91.0,1
Jaxson Tortuga,22.0,0,5.0,2.0,6.0,88.0,1
Elizabeth Cerberus,16.0,1,3.0,3.0,0.0,28.0,0
Stella Menace,20.0,1,2.0,5.0,6.0,73.0,0
Mia Spite,16.0,1,8.0,3.0,0.0,50.0,0
Amelia Miracle,22.0,1,5.0,4.0,3.0,99.0,1
Bryson Whitewash,17.0,0,7.0,2.0,8.0,85.0,1
Kinsley Rampage,22.0,1,1.0,4.0,0.0,19.0,0
Nolan Standoff,18.0,0,8.0,4.0,5.0,93.0,1
Dominic Dreadfort,16.0,0,1.0,4.0,5.0,46.0,0
Madison Moreau,18.0,1,7.0,6.0,2.0,79.0,0
Aaron Flux,19.0,0,7.0,2.0,6.0,84.0,1
Aria Misfit,17.0,1,2.0,5.0,6.0,69.0,0
Miles Drift,22.0,0,7.0,3.0,4.0,83.0,1
Addison Persephonia,16.0,1,4.0,6.0,6.0,83.0,1
Aaliyah Cyclone,19.0,1,7.0,5.0,7.0,86.0,1
Liam Moreau,19.0,0,8.0,6.0,3.0,83.0,1
Ian Rampage,22.0,0,9.0,2.0,4.0,77.0,1
Santiago Vex,19.0,0,9.0,3.0,7.0,86.0,1
Joshua Mimic,18.0,0,8.0,5.0,4.0,90.0,1
Jace Apex,19.0,0,3.0,4.0,4.0,88.0,1
Austin Grifter,21.0,0,8.0,4.0,5.0,90.0,1
Sebastian Dust,22.0,0,6.0,5.0,1.0,65.0,0
Sofia Spite,16.0,1,2.0,5.0,3.0,46.0,0
Eli Moreau,19.0,0,4.0,6.0,5.0,96.0,1
Jayden Snake,20.0,0,4.0,5.0,7.0,88.0,1
Sophia Dreadfort,20.0,1,3.0,6.0,6.0,87.0,1
Cameron Crimson,21.0,0,1.0,4.0,2.0,32.0,0
Eli Nocturne,18.0,0,5.0,3.0,4.0,86.0,1
Liam Doom,21.0,0,9.0,5.0,1.0,84.0,1
Maya Static,19.0,1,9.0,3.0,1.0,83.0,1
Mia Avalanche,22.0,1,8.0,4.0,5.0,92.0,1
Scarlett Hades,20.0,1,8.0,6.0,7.0,86.0,1
Jaxson Diamondback,21.0,0,9.0,2.0,3.0,90.0,1
Landon Menace,22.0,0,6.0,5.0,4.0,77.0,1
Lydia Burnout,16.0,1,4.0,5.0,6.0,80.0,0
Eva Umbridge,19.0,1,7.0,2.0,7.0,93.0,1
Ruby Diamondback,16.0,1,7.0,5.0,5.0,82.0,1
Isaac Avalanche,24.0,0,8.0,4.0,7.0,99.0,1
Ryan Recluse,17.0,0,2.0,3.0,1.0,41.0,0
Robert Medusa,23.0,0,5.0,3.0,1.0,79.0,0
Alice Static,22.0,1,2.0,5.0,2.0,40.0,0
Nova Blackout,21.0,1,4.0,3.0,6.0,100.0,1
Jaxson Dust,21.0,0,6.0,6.0,8.0,98.0,1
Lillian Dust,16.0,1,7.0,6.0,2.0,80.0,0
Jameson Dreadfort,22.0,0,3.0,2.0,6.0,92.0,1
Mila Blitz,18.0,1,7.0,4.0,4.0,98.0,1
Hunter Medusa,24.0,0,1.0,2.0,7.0,100.0,1
Abigail Whip,22.0,1,9.0,2.0,3.0,98.0,1
Natalie Crossfire,19.0,1,3.0,6.0,2.0,46.0,0
Ella Voodoo,21.0,1,8.0,3.0,5.0,85.0,1
Colton Pitfall,20.0,0,8.0,5.0,6.0,97.0,1
Lydia Doom,24.0,1,2.0,5.0,2.0,43.0,0
Addison Whip,23.0,1,6.0,5.0,4.0,82.0,1
Violet Pyro,18.0,1,9.0,6.0,5.0,93.0,1
Aria Atomic,17.0,1,2.0,3.0,5.0,94.0,1
Genesis Whistler,22.0,1,1.0,6.0,8.0,47.0,0
Aria Frenzy,16.0,1,2.0,5.0,7.0,78.0,0
Bella Genesis,23.0,1,9.0,6.0,5.0,92.0,1
Lucy Burnout,19.0,1,2.0,4.0,2.0,48.0,0
Sebastian Vex,22.0,0,3.0,4.0,0.0,30.0,0
Ava Crimson,16.0,1,6.0,4.0,3.0,88.0,1
Noah Hades,23.0,0,8.0,5.0,6.0,100.0,1
Savannah Cascade,24.0,1,5.0,3.0,7.0,93.0,1
Arianna Engineer,19.0,1,9.0,5.0,2.0,82.0,1
Audrey Whip,19.0,1,3.0,6.0,4.0,63.0,0
Vivian Schism,17.0,1,6.0,2.0,0.0,56.0,0
Audrey Craster,24.0,1,7.0,3.0,5.0,88.0,1
Dominic Atomic,22.0,0,6.0,5.0,8.0,92.0,1
Henry Frost,20.0,0,5.0,3.0,6.0,87.0,1
Ivy Doom,24.0,1,8.0,6.0,6.0,88.0,1
Grace Transonic,22.0,1,8.0,4.0,7.0,92.0,1
Brayden Frost,21.0,0,6.0,2.0,8.0,84.0,1
Jonathan Mimic,24.0,0,4.0,3.0,6.0,96.0,1
Grayson Menace,16.0,0,2.0,2.0,8.0,98.0,1
Anthony Spasm,19.0,0,9.0,4.0,0.0,52.0,0
Nora Surge,17.0,1,2.0,3.0,1.0,39.0,0
Nicholas Crypto,17.0,0,6.0,2.0,7.0,84.0,1
Cerberus,16.0,1,8.0,2.0,5.0,100.0,1
Andrew Whitewash,18.0,0,1.0,3.0,6.0,63.0,0
Valentina Craster,16.0,1,5.0,3.0,3.0,84.0,1
Lucas Flood,24.0,0,2.0,5.0,0.0,27.0,0
John Umbridge,23.0,0,2.0,5.0,2.0,40.0,0
Hunter Voodoo,17.0,0,3.0,4.0,3.0,71.0,0
Samuel Spite,21.0,0,1.0,5.0,2.0,30.0,0
Dominic Imprint,21.0,0,5.0,3.0,1.0,76.0,0
Alexa Ditch,18.0,1,8.0,6.0,4.0,87.0,1
Nevaeh Safari,18.0,1,5.0,6.0,1.0,48.0,0
Adeline Menace,23.0,1,2.0,4.0,2.0,46.0,0
Landon Blackout,20.0,0,6.0,4.0,8.0,83.0,1
Valentina Avalanche,20.0,1,2.0,6.0,8.0,75.0,0
Nova Blink,21.0,1,1.0,5.0,5.0,39.0,0
Cameron Standoff,24.0,0,3.0,4.0,7.0,84.0,1
Sawyer Burnout,19.0,0,7.0,2.0,0.0,70.0,0
Avery Crypto,24.0,1,3.0,6.0,3.0,55.0,0
Gabriel Apex,24.0,0,9.0,5.0,2.0,87.0,1
Jordan Shivers,16.0,0,9.0,5.0,1.0,77.0,0
Ryan Ditch,22.0,0,9.0,5.0,6.0,92.0,1
Roman Whistler,20.0,0,4.0,6.0,6.0,90.0,1
Naomi Sweeney,18.0,1,1.0,4.0,7.0,55.0,0
Hunter Nemesis,21.0,0,1.0,2.0,1.0,37.0,0
Lily Genesis,21.0,1,5.0,6.0,6.0,100.0,1
Audrey Static,22.0,1,3.0,2.0,7.0,86.0,1
Bryson Sweeney,22.0,0,6.0,2.0,6.0,81.0,1
Lillian Spite,23.0,1,1.0,2.0,2.0,47.0,0
Layla Safari,18.0,1,7.0,3.0,2.0,94.0,1
Arianna Flatline,24.0,1,9.0,2.0,2.0,99.0,1
Charles Smoker,17.0,0,5.0,3.0,2.0,100.0,1
Benjamin De Ville,21.0,0,7.0,6.0,2.0,83.0,1
Cameron Nocturne,22.0,0,1.0,3.0,6.0,62.0,0
Claire ,16.0,1,4.0,6.0,7.0,77.0,1
Chloe Whistler,20.0,1,8.0,4.0,7.0,93.0,1
Christopher Burnout,16.0,0,9.0,6.0,3.0,81.0,1
Carter Venom,19.0,0,3.0,3.0,0.0,32.0,0
Noah Mutilator,18.0,0,8.0,5.0,5.0,77.0,1
Cameron Sweeney,21.0,0,8.0,4.0,5.0,91.0,1
Carson Crossfire,23.0,0,6.0,5.0,1.0,65.0,0
Ava Crypto,21.0,1,8.0,3.0,1.0,94.0,1
Paisley Craster,20.0,1,1.0,4.0,6.0,52.0,0
Noah Whistler,17.0,0,4.0,3.0,2.0,91.0,1
Jameson Rewind,22.0,0,4.0,2.0,6.0,84.0,1
Lincoln Rundown,19.0,0,9.0,3.0,8.0,99.0,1
Jayden Mimic,22.0,0,4.0,3.0,4.0,94.0,1
Luke Spite,16.0,0,5.0,2.0,6.0,89.0,1
Carson Aberration,20.0,0,1.0,5.0,0.0,20.0,0
Jordan Static,17.0,0,9.0,5.0,4.0,94.0,1
Alexander Crimson,23.0,0,9.0,3.0,0.0,73.0,0
Josiah Discord,21.0,0,6.0,2.0,3.0,95.0,1
Nathan Wendigo,22.0,0,4.0,5.0,3.0,79.0,0
Jason ,16.0,0,9.0,3.0,5.0,83.0,1
Caroline Misfit,24.0,1,4.0,3.0,8.0,93.0,1
Hudson Tuco,16.0,0,3.0,3.0,6.0,94.0,1
Sadie Doom,17.0,1,6.0,3.0,6.0,88.0,1
Liam Dust,16.0,0,3.0,2.0,4.0,100.0,1
Eva Imprint,22.0,1,7.0,5.0,7.0,99.0,1
Gianna Apex,17.0,1,2.0,5.0,4.0,57.0,0
Sadie Crypto,18.0,1,5.0,2.0,1.0,77.0,1
Elias Diamondback,24.0,0,3.0,5.0,8.0,95.0,1
Anna Snake,16.0,1,5.0,6.0,3.0,78.0,0
Brooklyn Spasm,20.0,1,1.0,3.0,1.0,28.0,0
Gabriel Blight,21.0,0,7.0,6.0,8.0,83.0,1
Adrian Surge,18.0,0,6.0,6.0,4.0,92.0,1
Eli Doom,17.0,0,8.0,3.0,6.0,87.0,1
Oliver Whitewash,22.0,0,5.0,3.0,6.0,80.0,0
Skylar Drift,17.0,1,4.0,5.0,5.0,77.0,1
Zoey Tempus,16.0,1,1.0,5.0,2.0,26.0,0
Robert Crossfire,21.0,0,6.0,2.0,3.0,85.0,1
Matthew Rewind,18.0,0,3.0,2.0,3.0,88.0,1
Delilah Snake,20.0,1,8.0,3.0,8.0,80.0,0
Delilah Schism,19.0,1,6.0,3.0,5.0,100.0,1
Josephine Sweeney,18.0,1,9.0,6.0,1.0,69.0,0
Henry Dreadfort,23.0,0,6.0,2.0,1.0,92.0,1
Josephine Atomic,19.0,1,2.0,3.0,1.0,40.0,0
Matthew Schism,18.0,0,3.0,3.0,7.0,85.0,1
Robert Blight,18.0,0,5.0,5.0,7.0,82.0,1
Samuel Surge,19.0,0,2.0,5.0,8.0,90.0,1
Julia Voodoo,17.0,1,4.0,3.0,5.0,80.0,0
Isla Mockingbird,16.0,1,1.0,6.0,5.0,34.0,0
Ariana Zorg,17.0,1,5.0,2.0,8.0,95.0,1
Mia Bedlam,22.0,1,9.0,4.0,4.0,85.0,1
Piper Spasm,22.0,1,7.0,6.0,1.0,62.0,0
Roman Moreau,18.0,0,6.0,2.0,8.0,90.0,1
Delilah Voodoo,18.0,1,8.0,6.0,4.0,83.0,1
Jayden Mort,21.0,0,6.0,4.0,4.0,82.0,1
Isaiah Imprint,23.0,0,5.0,5.0,7.0,99.0,1
Abigail Schism,18.0,1,6.0,5.0,4.0,87.0,1
Isaiah Misfit,17.0,0,8.0,2.0,0.0,72.0,0
Everett Limerick,22.0,0,1.0,4.0,5.0,45.0,0
Ryan Upagarde,24.0,0,6.0,6.0,5.0,89.0,1
Isaac Rundown,17.0,0,1.0,3.0,6.0,64.0,0
Isla Rewind,17.0,1,5.0,5.0,2.0,73.0,0
Grace Whistler,18.0,1,2.0,6.0,5.0,55.0,0
Samuel Ramsay,17.0,0,8.0,3.0,8.0,77.0,1
Elena Rewind,20.0,1,7.0,3.0,0.0,53.0,0
Bella Whitewash,22.0,1,1.0,3.0,4.0,48.0,0
Samantha Pyro,16.0,1,9.0,5.0,2.0,94.0,1
Vader,23.0,0,8.0,5.0,2.0,97.0,1
Penelope Sweeney,17.0,1,1.0,5.0,8.0,51.0,0
Everly Cyclone,16.0,1,9.0,3.0,2.0,91.0,1
Jack Cyclone,18.0,0,4.0,5.0,6.0,88.0,1
Evelyn Spite,24.0,1,5.0,2.0,2.0,80.0,0
Roman De Ville,17.0,0,6.0,6.0,2.0,74.0,0
Nolan Aberration,24.0,0,2.0,4.0,5.0,76.0,0
Cameron Menace,18.0,0,3.0,6.0,6.0,82.0,1
Roman Glitch,18.0,0,5.0,5.0,4.0,82.0,1
David Crimson,21.0,0,7.0,6.0,5.0,88.0,1
Camila Schism,18.0,1,4.0,2.0,1.0,86.0,1
Leonardo Parallax,17.0,0,4.0,2.0,0.0,46.0,0
Chloe Menace,23.0,1,1.0,2.0,6.0,86.0,1
Zoey Frost,24.0,1,7.0,6.0,4.0,93.0,1
Leonardo Nemesis,22.0,0,9.0,5.0,1.0,87.0,1
Autumn Whistler,23.0,1,8.0,3.0,6.0,88.0,1
Luke Ramsay,18.0,0,8.0,3.0,4.0,95.0,1
Ezra Blur,17.0,0,3.0,6.0,6.0,82.0,1
Hunter Grifter,18.0,0,4.0,3.0,1.0,62.0,0
Maya Cascade,23.0,1,6.0,2.0,8.0,99.0,1
Adeline Standoff,21.0,1,2.0,4.0,7.0,93.0,1
Charles Burnout,17.0,0,9.0,2.0,7.0,84.0,1
Brooklyn Zorg,16.0,1,2.0,2.0,3.0,89.0,1
Savannah Tuco,18.0,1,2.0,6.0,4.0,77.0,0
Isaiah Discord,18.0,0,6.0,5.0,8.0,95.0,1
Claire Blight,18.0,1,5.0,4.0,4.0,97.0,1
Austin Serpentine,18.0,0,6.0,4.0,3.0,86.0,1
Santiago Frenzy,21.0,0,4.0,5.0,2.0,63.0,0
Riley Rampage,21.0,1,9.0,6.0,2.0,77.0,1
Maya Venom,16.0,1,9.0,5.0,5.0,86.0,1
Elizabeth Standoff,24.0,1,8.0,3.0,2.0,85.0,1
Eleanor Hex,19.0,1,3.0,5.0,2.0,50.0,0
Jaxon Drift,23.0,0,8.0,3.0,3.0,80.0,0
Eliana Rundown,17.0,1,1.0,5.0,3.0,30.0,0
Allison Venom,20.0,1,4.0,4.0,1.0,55.0,0
Ellie Nocturne,22.0,1,8.0,6.0,5.0,86.0,1
Bryson ,20.0,0,7.0,5.0,2.0,98.0,1
Carson Menace,24.0,0,6.0,5.0,8.0,100.0,1
Addison Pyro,16.0,1,3.0,6.0,5.0,74.0,0
Willow Spite,17.0,1,6.0,3.0,7.0,82.0,1
Aaliyah Discord,16.0,1,7.0,4.0,2.0,86.0,1
Leah Craster,17.0,1,3.0,5.0,4.0,75.0,0
Brielle Blur,17.0,1,9.0,3.0,7.0,93.0,1
Isla Surge,19.0,1,2.0,2.0,0.0,31.0,0
Jayden Flatline,18.0,0,5.0,5.0,6.0,94.0,1
Leo Rampage,24.0,0,9.0,2.0,1.0,83.0,1
Audrey Diaspora,23.0,1,5.0,2.0,6.0,89.0,1
Nicholas Limerick,20.0,0,2.0,6.0,5.0,77.0,0
Jason ,22.0,0,3.0,5.0,8.0,98.0,1
Claire Voodoo,18.0,1,6.0,5.0,4.0,98.0,1
Paisley Hex,22.0,1,6.0,3.0,3.0,80.0,0
Gianna Oblique,19.0,1,1.0,4.0,6.0,50.0,0
Lucas Genesis,24.0,0,6.0,4.0,2.0,95.0,1
Avery Misfit,24.0,1,9.0,4.0,6.0,95.0,1
Emma Nocturne,18.0,1,1.0,5.0,8.0,55.0,0
Eva Miracle,24.0,1,5.0,4.0,8.0,86.0,1
Madeline Genesis,23.0,1,1.0,3.0,3.0,43.0,0
Jameson Blackout,24.0,0,7.0,6.0,2.0,86.0,1
Piper Blackout,17.0,1,7.0,2.0,4.0,86.0,1
Nicholas Mort,16.0,0,8.0,3.0,3.0,82.0,1
Brooklyn Diamondback,17.0,1,2.0,3.0,4.0,80.0,0
Lillian Flood,24.0,1,5.0,3.0,1.0,84.0,1
Aurora Mudlark,22.0,1,1.0,2.0,5.0,77.0,0
Maverick Le Strange,18.0,0,3.0,5.0,2.0,49.0,0
Luna Whitewash,24.0,1,9.0,3.0,6.0,77.0,1
Gabriel Persephonia,24.0,0,8.0,3.0,3.0,94.0,1
Axel Sweeney,20.0,0,4.0,4.0,3.0,95.0,1
David Venom,18.0,0,6.0,2.0,1.0,93.0,1
Aaliyah Apex,21.0,1,1.0,4.0,5.0,49.0,0
Santiago Persephonia,18.0,0,6.0,4.0,3.0,88.0,1
Julian Wendigo,16.0,0,6.0,3.0,6.0,93.0,1
Naomi Imprint,22.0,1,7.0,2.0,3.0,82.0,1
Isla Grifter,24.0,1,6.0,2.0,7.0,82.0,1
Evan Blitz,24.0,0,4.0,2.0,6.0,86.0,1
Nevaeh Serpentine,22.0,1,5.0,3.0,1.0,78.0,0
Daniel Bedlam,24.0,0,5.0,5.0,3.0,95.0,1
Jace Trace,22.0,0,2.0,3.0,3.0,71.0,0
Gabriel Discord,20.0,0,6.0,5.0,3.0,87.0,1
Allison Dust,20.0,1,6.0,4.0,1.0,72.0,0
Eva Rundown,21.0,1,1.0,3.0,6.0,61.0,0
Lucas Cerberus,16.0,0,8.0,2.0,1.0,87.0,1
Brayden Crypto,19.0,0,5.0,2.0,5.0,84.0,1
Everett Glitch,19.0,0,1.0,2.0,4.0,64.0,0
Adam Spite,17.0,0,6.0,4.0,5.0,81.0,1
Wyatt Oblique,22.0,0,6.0,6.0,7.0,99.0,1
Scarlett Avalanche,24.0,1,1.0,2.0,6.0,88.0,1
Easton Persephonia,18.0,0,9.0,2.0,5.0,99.0,1
Luna Spite,17.0,1,4.0,3.0,3.0,77.0,1
Madelyn Blitz,19.0,1,5.0,6.0,4.0,99.0,1
Alice Diamondback,20.0,1,8.0,4.0,1.0,92.0,1
Anthony Hades,23.0,0,1.0,4.0,2.0,31.0,0
Liam Mimic,24.0,0,4.0,5.0,7.0,100.0,1
Sawyer Blight,22.0,0,5.0,3.0,2.0,85.0,1
Aaliyah Standoff,18.0,1,4.0,4.0,1.0,51.0,0
Ivy Ditch,24.0,1,4.0,6.0,5.0,98.0,1
Sawyer Serpentine,18.0,0,6.0,2.0,4.0,83.0,1
Everett Nemesis,19.0,0,5.0,3.0,5.0,96.0,1
Evelyn Hades,21.0,1,8.0,4.0,4.0,86.0,1
Leonardo Rundown,21.0,0,6.0,3.0,7.0,97.0,1
Aurora Vex,16.0,1,3.0,4.0,4.0,88.0,1
Carter Cascade,22.0,0,6.0,4.0,4.0,90.0,1
Ellie Checkmate,18.0,1,4.0,2.0,0.0,49.0,0
Lucy Rewind,20.0,1,4.0,4.0,0.0,77.0,0
Madelyn Miracle,18.0,1,5.0,2.0,8.0,98.0,1
Kaylee Oblique,24.0,1,7.0,6.0,4.0,97.0,1
Lincoln Hex,20.0,0,1.0,2.0,1.0,33.0,0
Jason Shivers,24.0,0,4.0,3.0,7.0,81.0,1
Charles Tortuga,21.0,0,4.0,5.0,5.0,84.0,1
Dominic Nocturne,24.0,0,5.0,4.0,1.0,67.0,0
Quinn Venom,21.0,1,6.0,3.0,7.0,82.0,1
Cooper Standoff,17.0,0,8.0,5.0,4.0,98.0,1
Noah Frost,16.0,0,3.0,2.0,6.0,100.0,1
Owen Whip,23.0,0,4.0,5.0,3.0,78.0,0
Josiah Cyclone,18.0,0,3.0,5.0,7.0,88.0,1
Victoria Smoker,22.0,1,6.0,5.0,3.0,92.0,1
Eleanor Atomic,18.0,1,9.0,4.0,4.0,96.0,1
Julia Crimson,23.0,1,4.0,4.0,8.0,93.0,1
Mateo Ramsay,21.0,0,9.0,5.0,1.0,82.0,1
Violet Genesis,21.0,1,1.0,6.0,6.0,39.0,0
Eli Bedlam,24.0,0,2.0,4.0,1.0,40.0,0
Scarlett Spasm,23.0,1,1.0,2.0,1.0,39.0,0
Logan Imprint,22.0,0,8.0,5.0,4.0,94.0,1
Nicholas Cascade,19.0,0,3.0,2.0,1.0,70.0,0
Nora Le Strange,22.0,1,1.0,2.0,6.0,84.0,1
Charles Standoff,22.0,0,8.0,5.0,2.0,89.0,1
Lincoln Nemesis,16.0,0,7.0,4.0,3.0,88.0,1
Evan Ditch,20.0,0,3.0,3.0,7.0,95.0,1
Sadie Ditch,20.0,1,9.0,4.0,8.0,100.0,1
Brooklyn Apex,19.0,1,9.0,5.0,5.0,99.0,1
Zoey Ramsay,19.0,1,3.0,3.0,2.0,72.0,0
Isaiah Blight,17.0,0,2.0,5.0,4.0,52.0,0
Gabriella Whitewash,21.0,1,6.0,3.0,5.0,80.0,0
Isla Mutilator,23.0,1,9.0,5.0,2.0,91.0,1
Jordan Blight,18.0,0,6.0,5.0,1.0,77.0,0
Cameron Genesis,20.0,0,1.0,4.0,2.0,30.0,0
Nora Shivers,20.0,1,1.0,5.0,7.0,48.0,0
Nicholas Apex,19.0,0,2.0,3.0,6.0,86.0,1
Eva Menace,21.0,1,7.0,3.0,7.0,89.0,1
Theodore Glitch,22.0,0,9.0,6.0,1.0,75.0,0
Jonathan Cyclone,21.0,0,4.0,3.0,1.0,69.0,0
Hailey Venom,24.0,1,5.0,2.0,7.0,87.0,1
Nora Buttons,23.0,1,2.0,2.0,6.0,89.0,1
Nevaeh Doom,24.0,1,5.0,2.0,2.0,92.0,1
Benjamin Blink,22.0,0,2.0,2.0,1.0,54.0,0
Adam Vader,19.0,0,6.0,4.0,1.0,77.0,0
Sadie Venom,21.0,1,3.0,5.0,2.0,54.0,0
Julia Imprint,23.0,1,1.0,3.0,3.0,43.0,0
Jack Diamondback,22.0,0,2.0,4.0,1.0,37.0,0
Angel Mimic,22.0,0,5.0,3.0,8.0,90.0,1
Evan Crimson,18.0,0,8.0,2.0,5.0,90.0,1
John Omega,23.0,0,8.0,5.0,3.0,95.0,1
Penelope Pyro,19.0,1,9.0,4.0,4.0,99.0,1
Chloe Frenzy,16.0,1,5.0,4.0,7.0,92.0,1
Christopher Schism,20.0,0,6.0,5.0,3.0,83.0,1
Adeline Moreau,19.0,1,9.0,5.0,5.0,97.0,1
Nicholas De Ville,24.0,0,9.0,4.0,2.0,93.0,1
Jason Blink,16.0,0,9.0,5.0,3.0,81.0,1
Aiden Whip,22.0,0,7.0,3.0,7.0,81.0,1
Mia Tuco,16.0,1,1.0,2.0,7.0,96.0,1
Nevaeh Ditch,24.0,1,7.0,3.0,6.0,100.0,1
Leo Persephonia,19.0,0,9.0,2.0,2.0,98.0,1
Allison Snake,17.0,1,2.0,5.0,4.0,55.0,0
Ethan Cyclone,18.0,0,4.0,3.0,0.0,77.0,0
Madison Tempus,24.0,1,5.0,6.0,7.0,84.0,1
Luna Dust,21.0,1,1.0,2.0,3.0,57.0,0
Thomas Blitz,17.0,0,8.0,2.0,2.0,77.0,1
Gabriella Medusa,21.0,1,4.0,6.0,3.0,69.0,0
Ruby Checkmate,16.0,1,6.0,2.0,1.0,92.0,1
Julian De Ville,17.0,0,9.0,3.0,5.0,98.0,1
Thomas Cerberus,21.0,0,5.0,3.0,4.0,100.0,1
Claire Buttons,19.0,1,3.0,2.0,6.0,85.0,1
Kaylee Flux,21.0,1,6.0,2.0,8.0,90.0,1
Leo Sweeney,16.0,0,6.0,4.0,1.0,64.0,0
Isla Moreau,18.0,1,2.0,6.0,7.0,66.0,0
Sofia Shivers,18.0,1,2.0,6.0,4.0,48.0,0
Evelyn Persephonia,22.0,1,7.0,5.0,1.0,72.0,0
Elena Persephonia,24.0,1,4.0,4.0,8.0,96.0,1
Allison Limerick,20.0,1,1.0,3.0,7.0,69.0,0
Aria Surge,24.0,1,7.0,2.0,5.0,85.0,1
Dylan Omega,19.0,0,3.0,2.0,6.0,82.0,1
James Crassus,16.0,0,5.0,2.0,7.0,83.0,1
Evan Blink,21.0,0,3.0,2.0,1.0,72.0,0
Aaron Vex,23.0,0,2.0,2.0,7.0,86.0,1
Mia Felon,16.0,1,8.0,4.0,6.0,94.0,1
Allison Nemesis,20.0,1,2.0,5.0,3.0,45.0,0
Claire De Ville,17.0,1,8.0,3.0,0.0,54.0,0
Jason Nocturne,24.0,0,7.0,2.0,1.0,98.0,1
Leah Apex,19.0,1,4.0,6.0,8.0,94.0,1
Connor Serpentine,21.0,0,2.0,3.0,2.0,58.0,0
Matthew Discord,21.0,0,2.0,4.0,6.0,83.0,1
Carson Avalanche,23.0,0,1.0,5.0,4.0,37.0,0
Axel Whip,24.0,0,7.0,6.0,6.0,100.0,1
Eliana Craster,16.0,1,9.0,2.0,7.0,82.0,1
Zoe Omega,18.0,1,2.0,4.0,8.0,92.0,1
Gabriella Rampage,20.0,1,2.0,2.0,3.0,93.0,1
Jacob Diamondback,22.0,0,4.0,2.0,6.0,90.0,1
Greyson Imprint,16.0,0,5.0,5.0,0.0,32.0,0
Connor Spasm,16.0,0,1.0,2.0,7.0,92.0,1
Adam Frost,23.0,0,7.0,6.0,7.0,83.0,1
Alexa Upagarde,17.0,1,6.0,3.0,4.0,82.0,1
Maverick De Ville,17.0,0,4.0,4.0,3.0,89.0,1
Ella Flatline,17.0,1,6.0,3.0,5.0,92.0,1
Aaliyah Grifter,22.0,1,2.0,5.0,0.0,22.0,0
Lillian Discord,20.0,1,1.0,5.0,3.0,35.0,0
Jose Diaspora,22.0,0,9.0,4.0,5.0,89.0,1
Carson Rampage,22.0,0,2.0,5.0,4.0,54.0,0
Grayson Limerick,21.0,0,4.0,4.0,3.0,94.0,1
Xavier Mudlark,23.0,0,1.0,6.0,4.0,33.0,0
Grace Diamondback,18.0,1,5.0,4.0,2.0,88.0,1
Madison Vader,22.0,1,2.0,6.0,1.0,30.0,0
Dominic Miracle,18.0,0,3.0,2.0,4.0,98.0,1
Santiago Whistler,17.0,0,3.0,2.0,7.0,99.0,1
Jacob Omega,17.0,0,7.0,5.0,7.0,87.0,1
Connor Zorg,18.0,0,3.0,6.0,7.0,95.0,1
Claire Rundown,16.0,1,5.0,4.0,4.0,85.0,1
Scarlett Discord,22.0,1,2.0,6.0,7.0,70.0,0
Sadie Discord,17.0,1,1.0,4.0,3.0,33.0,0
Sarah Dreadfort,17.0,1,6.0,3.0,2.0,99.0,1
Elias Glitch,23.0,0,9.0,5.0,6.0,87.0,1
Naomi Umbridge,21.0,1,8.0,4.0,3.0,92.0,1
Audrey ,19.0,1,2.0,2.0,2.0,74.0,0
Samantha Tempus,17.0,1,7.0,4.0,8.0,82.0,1
Eva Nemesis,17.0,1,4.0,3.0,2.0,89.0,1
Greyson Snake,24.0,0,7.0,2.0,4.0,99.0,1
Jacob Zorg,21.0,0,5.0,6.0,4.0,100.0,1
Kinsley Standoff,20.0,1,5.0,2.0,7.0,80.0,0
Ivy Recluse,17.0,1,6.0,3.0,1.0,84.0,1
Gabriel De Ville,21.0,0,8.0,4.0,2.0,80.0,0
Aiden Blitz,24.0,0,5.0,4.0,2.0,89.0,1
Grayson Zorg,23.0,0,2.0,2.0,5.0,83.0,1
Brooklyn Hex,23.0,1,2.0,5.0,1.0,33.0,0
Lydia Diaspora,21.0,1,9.0,4.0,6.0,89.0,1
Jeremiah ,20.0,0,4.0,6.0,0.0,29.0,0
Sophia Mudlark,16.0,1,6.0,5.0,0.0,35.0,0
Skylar Safari,23.0,1,2.0,6.0,5.0,58.0,0
Vivian Blitz,24.0,1,6.0,6.0,3.0,98.0,1
Carson Mockingbird,19.0,0,4.0,3.0,1.0,65.0,0
Ellie Blackout,17.0,1,9.0,5.0,5.0,80.0,0
Samuel Safari,24.0,0,4.0,5.0,7.0,97.0,1
Benjamin Oblique,18.0,0,7.0,6.0,2.0,82.0,1
Jacob Burnout,20.0,0,2.0,6.0,7.0,67.0,0
Kayden Inferno,22.0,0,8.0,4.0,3.0,81.0,1
Eliana Standoff,17.0,1,2.0,2.0,5.0,98.0,1
Avery Ramsay,22.0,1,3.0,2.0,1.0,73.0,0
Leo Ditch,23.0,0,6.0,6.0,4.0,80.0,0
Alice Serpentine,21.0,1,4.0,2.0,6.0,87.0,1
Maya Malice,23.0,1,3.0,2.0,7.0,100.0,1
Sophie Trace,16.0,1,8.0,4.0,8.0,82.0,1
Delilah Aberration,19.0,1,8.0,3.0,3.0,96.0,1
Hannah Oblique,21.0,1,8.0,2.0,6.0,92.0,1
Layla Crimson,21.0,1,5.0,3.0,5.0,87.0,1
John Rundown,20.0,0,7.0,5.0,1.0,67.0,0
Ethan Pyro,17.0,0,2.0,4.0,1.0,36.0,0
Ezekiel Glitch,22.0,0,9.0,3.0,5.0,81.0,1
Sarah Frost,16.0,1,3.0,3.0,5.0,88.0,1
Everett Trace,17.0,0,9.0,2.0,5.0,83.0,1
Ivy Crassus,20.0,1,8.0,6.0,2.0,90.0,1
Hailey Surge,19.0,1,6.0,3.0,6.0,91.0,1
Carson Checkmate,19.0,0,1.0,4.0,6.0,52.0,0
Emma Mort,17.0,1,4.0,5.0,6.0,97.0,1
Benjamin Nemesis,24.0,0,3.0,2.0,3.0,80.0,0
Willow Diamondback,24.0,1,5.0,5.0,6.0,95.0,1
Joseph Static,24.0,0,4.0,2.0,0.0,55.0,0
Santiago Tuco,23.0,0,8.0,2.0,2.0,91.0,1
Aaliyah Recluse,17.0,1,5.0,2.0,4.0,95.0,1
Josephine Tempus,24.0,1,5.0,5.0,7.0,87.0,1
Miles Tempus,23.0,0,3.0,5.0,8.0,98.0,1
Sadie Discord,20.0,1,2.0,2.0,4.0,82.0,1
Nolan Tuco,22.0,0,8.0,3.0,1.0,87.0,1
Jose ,24.0,0,5.0,4.0,1.0,68.0,0
Anna Imprint,20.0,1,1.0,3.0,6.0,64.0,0
Jace Ramsay,23.0,0,9.0,4.0,2.0,88.0,1
Amelia Shivers,18.0,1,8.0,5.0,1.0,70.0,0
Lucy Mockingbird,18.0,1,6.0,2.0,0.0,63.0,0
Owen Crossfire,23.0,0,8.0,5.0,6.0,86.0,1
Nolan Surge,23.0,0,8.0,3.0,5.0,77.0,1
Charles Dreadfort,19.0,0,5.0,5.0,5.0,95.0,1
Landon Standoff,22.0,0,7.0,2.0,1.0,86.0,1
Alexander Omega,17.0,0,7.0,5.0,1.0,67.0,0
Isaiah Schism,20.0,0,8.0,6.0,1.0,65.0,0
Violet Rewind,23.0,1,8.0,5.0,1.0,76.0,0
Aaliyah Static,18.0,1,5.0,6.0,7.0,93.0,1
Julia Buttons,18.0,1,2.0,5.0,6.0,73.0,0
Kaylee Nocturne,22.0,1,5.0,3.0,5.0,91.0,1
Grayson ,17.0,0,8.0,3.0,4.0,80.0,0
Caleb Nocturne,21.0,0,7.0,4.0,5.0,89.0,1
Evelyn Dust,20.0,1,3.0,2.0,1.0,74.0,0
Mateo Tempus,18.0,0,2.0,3.0,6.0,81.0,1
Connor Spasm,16.0,0,8.0,2.0,5.0,96.0,1
Stella Voodoo,18.0,1,4.0,4.0,8.0,89.0,1
Ruby Recluse,22.0,1,8.0,6.0,6.0,95.0,1
Michael De Ville,21.0,0,7.0,3.0,5.0,97.0,1
Penelope Rampage,17.0,1,6.0,5.0,6.0,93.0,1
Maya Bedlam,18.0,1,5.0,5.0,1.0,53.0,0
Logan Moreau,21.0,0,8.0,3.0,1.0,96.0,1
Alexa Aberration,20.0,1,2.0,5.0,1.0,31.0,0
Matthew Spite,24.0,0,6.0,2.0,6.0,87.0,1
Santiago Dust,20.0,0,8.0,3.0,5.0,91.0,1
Christian Moreau,17.0,0,5.0,4.0,6.0,80.0,0
Sawyer Avalanche,21.0,0,5.0,2.0,2.0,94.0,1
Cooper Surge,16.0,0,6.0,6.0,1.0,50.0,0
Grace Wendigo,19.0,1,1.0,5.0,1.0,26.0,0
Emilia Mudlark,22.0,1,8.0,2.0,1.0,94.0,1
Gabriel Vex,18.0,0,3.0,2.0,5.0,88.0,1
Brielle Spite,21.0,1,3.0,6.0,2.0,46.0,0
Anna Cyclone,18.0,1,8.0,6.0,7.0,88.0,1
Isaac Rundown,21.0,0,3.0,6.0,6.0,83.0,1
Samantha Standoff,21.0,1,9.0,2.0,5.0,82.0,1
Harper Imprint,24.0,1,8.0,3.0,6.0,100.0,1
Lily Mutilator,23.0,1,9.0,3.0,3.0,96.0,1
Jose Venom,24.0,0,4.0,6.0,0.0,77.0,0
Kaylee Limerick,20.0,1,7.0,4.0,1.0,81.0,1
Sophie Checkmate,21.0,1,1.0,2.0,1.0,36.0,0
Lydia Le Strange,23.0,1,5.0,4.0,4.0,96.0,1
Skylar Tuco,17.0,1,8.0,2.0,3.0,97.0,1
Nolan Genesis,21.0,0,1.0,5.0,0.0,20.0,0
Greyson Mimic,24.0,0,7.0,5.0,4.0,92.0,1
Ryan Schism,22.0,0,9.0,2.0,1.0,92.0,1
Colton Schism,23.0,0,7.0,4.0,3.0,96.0,1
Jose Atomic,19.0,0,9.0,3.0,8.0,81.0,1
Jonathan Overkill,24.0,0,6.0,2.0,3.0,86.0,1
Aiden Trace,20.0,0,4.0,3.0,6.0,88.0,1
Lucy Bedlam,19.0,1,4.0,4.0,6.0,81.0,1
Victoria Recluse,18.0,1,2.0,6.0,1.0,29.0,0
Vivian Snake,17.0,1,9.0,5.0,1.0,76.0,0
Joshua Blight,17.0,0,9.0,6.0,2.0,96.0,1
Ian Venom,23.0,0,4.0,5.0,5.0,88.0,1
Bella Whistler,16.0,1,6.0,6.0,1.0,49.0,0
Sebastian Surge,18.0,0,8.0,4.0,5.0,86.0,1
Hailey Nemesis,24.0,1,6.0,2.0,6.0,81.0,1
Nova Moreau,22.0,1,6.0,6.0,4.0,83.0,1
Natalie Recluse,24.0,1,6.0,2.0,1.0,88.0,1
Audrey Transonic,18.0,1,5.0,5.0,3.0,91.0,1
Cooper Limerick,24.0,0,1.0,5.0,5.0,42.0,0
Madeline Medusa,24.0,1,2.0,4.0,7.0,99.0,1
Caroline Nemesis,19.0,1,1.0,3.0,5.0,58.0,0
Emilia Flood,22.0,1,9.0,6.0,4.0,85.0,1
Angel Blackout,19.0,0,5.0,4.0,6.0,81.0,1
Christian Discord,16.0,0,2.0,6.0,6.0,63.0,0
Nora Diamondback,23.0,1,8.0,6.0,1.0,70.0,0
Joseph Buttons,21.0,0,1.0,6.0,1.0,22.0,0
Ian Mutilator,17.0,0,4.0,3.0,3.0,89.0,1
Quinn Checkmate,19.0,1,2.0,5.0,8.0,88.0,1
Jack Whistler,17.0,0,5.0,6.0,3.0,80.0,0
Elias Limerick,22.0,0,9.0,6.0,0.0,42.0,0
Ian Frenzy,18.0,0,2.0,4.0,1.0,36.0,0
Joshua Aberration,21.0,0,9.0,5.0,0.0,47.0,0
Caroline Shivers,23.0,1,6.0,5.0,8.0,96.0,1
Chloe Avalanche,24.0,1,4.0,4.0,4.0,85.0,1
Daniel Shivers,18.0,0,3.0,5.0,1.0,40.0,0
Nathan Drift,20.0,0,8.0,3.0,1.0,82.0,1
Aaliyah Trace,19.0,1,5.0,6.0,8.0,95.0,1
Layla Persephonia,16.0,1,1.0,5.0,4.0,34.0,0
Jack Standoff,16.0,0,7.0,3.0,8.0,80.0,0
Miles Checkmate,21.0,0,6.0,2.0,6.0,82.0,1
Mia Misfit,18.0,1,6.0,4.0,7.0,84.0,1
Owen Inferno,18.0,0,1.0,4.0,4.0,40.0,0
Ethan Zorg,21.0,0,3.0,5.0,0.0,28.0,0
Everett Blur,19.0,0,2.0,2.0,7.0,85.0,1
Natalie Flux,18.0,1,7.0,5.0,3.0,82.0,1
Anna Crimson,18.0,1,3.0,2.0,1.0,69.0,0
Emily Zorg,21.0,1,2.0,5.0,1.0,34.0,0
Easton Moreau,17.0,0,9.0,3.0,8.0,100.0,1
Zoey ,21.0,1,1.0,3.0,5.0,56.0,0
Jayden Diamondback,24.0,0,8.0,6.0,5.0,88.0,1
Adam Grifter,17.0,0,8.0,5.0,7.0,97.0,1
Scarlett Mimic,16.0,1,8.0,3.0,6.0,92.0,1
Hunter Zorg,24.0,0,4.0,5.0,6.0,88.0,1
Josephine Schism,19.0,1,4.0,5.0,3.0,76.0,0
Jackson Rampage,24.0,0,1.0,5.0,5.0,43.0,0
Maya Schism,16.0,1,9.0,5.0,7.0,80.0,0
Abigail Hades,23.0,1,3.0,2.0,4.0,89.0,1
Aubrey Ramsay,17.0,1,3.0,2.0,8.0,80.0,0
Samuel Blitz,23.0,0,7.0,2.0,4.0,92.0,1
Jaxon Aberration,16.0,0,1.0,3.0,6.0,60.0,0
Zoey Crassus,21.0,1,5.0,6.0,3.0,84.0,1
Skylar Whitewash,17.0,1,1.0,4.0,3.0,37.0,0
Adeline Blight,16.0,1,7.0,5.0,6.0,85.0,1
Carson Whistler,22.0,0,5.0,2.0,3.0,84.0,1
Madeline Menace,23.0,1,8.0,2.0,4.0,82.0,1
Grayson Omega,17.0,0,3.0,6.0,7.0,93.0,1
Greyson De Ville,24.0,0,5.0,5.0,5.0,87.0,1
William Genesis,23.0,0,3.0,6.0,7.0,98.0,1
Gabriella Shivers,22.0,1,7.0,6.0,1.0,60.0,0
Jason Crimson,18.0,0,1.0,2.0,0.0,22.0,0
Jace Imprint,23.0,0,9.0,5.0,4.0,82.0,1
Michael Mockingbird,23.0,0,7.0,2.0,6.0,89.0,1
Lucy Moreau,24.0,1,6.0,4.0,1.0,78.0,0
Parker Miracle,24.0,0,6.0,4.0,1.0,75.0,0
Vivian Hades,23.0,1,6.0,3.0,3.0,82.0,1
Layla Static,18.0,1,5.0,3.0,4.0,80.0,0
Gianna Flatline,22.0,1,3.0,4.0,5.0,97.0,1
Emilia ,19.0,1,8.0,4.0,7.0,89.0,1
Jackson Hades,22.0,0,8.0,3.0,2.0,96.0,1
Grace Moreau,18.0,1,3.0,2.0,2.0,98.0,1
Avery Rundown,19.0,1,1.0,5.0,7.0,49.0,0
Madeline Buttons,24.0,1,3.0,5.0,1.0,40.0,0
Mateo Rampage,20.0,0,4.0,6.0,0.0,27.0,0
Sophia Misfit,17.0,1,8.0,3.0,5.0,83.0,1
William Diamondback,24.0,0,4.0,2.0,4.0,83.0,1
Roman Aberration,19.0,0,7.0,4.0,2.0,98.0,1
Zoe Nocturne,21.0,1,3.0,6.0,4.0,68.0,0
Miles Crimson,17.0,0,4.0,5.0,4.0,90.0,1
Valentina Moreau,16.0,1,2.0,4.0,3.0,52.0,0
Kinsley Mutilator,23.0,1,6.0,6.0,7.0,92.0,1
Addison Bedlam,20.0,1,7.0,6.0,8.0,85.0,1
Logan Drift,22.0,0,6.0,3.0,2.0,97.0,1
Jace Felon,18.0,0,4.0,3.0,2.0,88.0,1
Emma Vex,23.0,1,5.0,2.0,7.0,81.0,1
Jose Parallax,21.0,0,7.0,4.0,1.0,82.0,1
Hailey Le Strange,24.0,1,7.0,4.0,5.0,81.0,1
Ruby Pyro,16.0,1,2.0,5.0,8.0,87.0,1
Aaliyah Nemesis,20.0,1,3.0,2.0,0.0,42.0,0
Caroline Upagarde,20.0,1,5.0,3.0,2.0,98.0,1
Savannah Craster,22.0,1,2.0,5.0,3.0,50.0,0
Leonardo Rampage,21.0,0,1.0,4.0,5.0,48.0,0
Wyatt Pitfall,23.0,0,7.0,5.0,7.0,86.0,1
Aria Tempus,22.0,1,7.0,3.0,5.0,83.0,1
Benjamin Misfit,18.0,0,4.0,3.0,5.0,91.0,1
William Snake,23.0,0,6.0,3.0,4.0,88.0,1
Gabriel Grifter,24.0,0,9.0,2.0,6.0,96.0,1
Maya Upagarde,20.0,1,7.0,6.0,6.0,93.0,1
Eliana Diaspora,19.0,1,9.0,5.0,3.0,83.0,1
Arianna Flux,17.0,1,1.0,6.0,8.0,47.0,0
Nicholas Tempus,23.0,0,9.0,2.0,7.0,82.0,1
Maverick Zorg,19.0,0,1.0,5.0,7.0,46.0,0
Avery Tortuga,19.0,1,5.0,6.0,6.0,84.0,1
Addison Vex,16.0,1,8.0,5.0,8.0,94.0,1
Aiden Surge,19.0,0,4.0,5.0,7.0,91.0,1
Camila Malice,18.0,1,7.0,5.0,7.0,87.0,1
Luna Drift,18.0,1,7.0,4.0,5.0,93.0,1
Penelope Zorg,24.0,1,4.0,2.0,5.0,80.0,0
Cooper Overkill,23.0,0,6.0,5.0,5.0,77.0,1
John Dust,24.0,0,2.0,3.0,5.0,96.0,1
Cooper Spite,16.0,0,6.0,6.0,6.0,89.0,1
Stella Blackout,24.0,1,5.0,5.0,0.0,39.0,0
Jackson Flux,21.0,0,5.0,2.0,7.0,84.0,1
Hudson Genesis,16.0,0,3.0,5.0,6.0,96.0,1
Mason Inferno,22.0,0,9.0,3.0,7.0,99.0,1
Noah Umbridge,19.0,0,2.0,4.0,5.0,78.0,0
Santiago Smoker,17.0,0,4.0,5.0,4.0,95.0,1
Miles Nemesis,18.0,0,6.0,2.0,4.0,92.0,1
Ezra Atomic,18.0,0,5.0,4.0,1.0,61.0,0
Adam Dreadfort,19.0,0,6.0,4.0,4.0,95.0,1
Luna Mockingbird,18.0,1,3.0,6.0,5.0,72.0,0
Mia Imprint,17.0,1,6.0,6.0,7.0,98.0,1
Xavier Buttons,16.0,0,3.0,5.0,2.0,51.0,0
Jose Wendigo,21.0,0,4.0,5.0,2.0,65.0,0
Zoe Umbridge,23.0,1,3.0,4.0,6.0,81.0,1
Wyatt Mort,22.0,0,7.0,5.0,2.0,97.0,1
Willow Mort,18.0,1,3.0,2.0,8.0,91.0,1
Sophie Shivers,18.0,1,1.0,3.0,1.0,31.0,0
Hazel Crypto,21.0,1,1.0,5.0,5.0,42.0,0
Abigail Tortuga,24.0,1,1.0,5.0,6.0,48.0,0
Grayson Crimson,17.0,0,8.0,2.0,1.0,92.0,1
Josephine Overkill,22.0,1,8.0,5.0,6.0,91.0,1
Robert Rampage,21.0,0,2.0,5.0,8.0,89.0,1
Jonathan Cascade,24.0,0,9.0,3.0,8.0,86.0,1
Aurora De Ville,22.0,1,8.0,6.0,5.0,89.0,1
Mila Standoff,23.0,1,5.0,3.0,5.0,87.0,1
Hailey Hades,16.0,1,2.0,3.0,1.0,38.0,0
Anthony Pyro,22.0,0,3.0,5.0,8.0,86.0,1
Henry Recluse,22.0,0,8.0,4.0,2.0,95.0,1
Eva Miracle,19.0,1,7.0,2.0,4.0,89.0,1
Sadie Mockingbird,21.0,1,1.0,5.0,6.0,44.0,0
Anthony Umbridge,21.0,0,2.0,4.0,6.0,85.0,1
Audrey Tempus,19.0,1,3.0,5.0,7.0,84.0,1
Andrew Diaspora,18.0,0,4.0,4.0,4.0,80.0,0
Colton Shivers,24.0,0,2.0,5.0,3.0,51.0,0
Lucas Surge,16.0,0,7.0,3.0,7.0,81.0,1
Ariana Mudlark,24.0,1,5.0,6.0,4.0,87.0,1
Amelia Crossfire,18.0,1,8.0,3.0,7.0,93.0,1
Oliver De Ville,20.0,0,6.0,5.0,6.0,87.0,1
Brayden Persephonia,16.0,0,5.0,6.0,1.0,46.0,0
Samuel Grifter,16.0,0,2.0,2.0,2.0,73.0,0
Isaac Blitz,22.0,0,4.0,3.0,2.0,93.0,1
Ariana Inferno,23.0,1,6.0,4.0,1.0,74.0,0
Gabriella Imprint,23.0,1,4.0,5.0,3.0,81.0,1
Joshua Genesis,19.0,0,9.0,2.0,3.0,89.0,1
Isabella Moreau,23.0,1,6.0,2.0,5.0,83.0,1
Maverick Crassus,21.0,0,4.0,5.0,2.0,64.0,0
Evelyn Blur,22.0,1,3.0,5.0,7.0,85.0,1
Abigail Vex,16.0,1,8.0,5.0,5.0,86.0,1
Samantha Tuco,16.0,1,1.0,4.0,1.0,24.0,0
Charles Serpentine,21.0,0,2.0,4.0,2.0,44.0,0
